number_of_genes	elapsed_time
2	79.93215131759644
4	93.42733645439148
8	146.1315517425537
16	358.1795172691345
32	2176.2509241104126
64	13462.919775009155
128	73550.40361261368
