{
 "gene_set_to_genes": {
  "GO_CELL_DIVISION": [
   "Anapc5",
   "Calm1",
   "Cdk4",
   "Cfl1",
   "Clta",
   "Gnai2",
   "Myc",
   "Nsun2",
   "Nudc",
   "Ran",
   "Rcc2",
   "Rps3",
   "Tuba1b",
   "Txnl4a",
   "Ybx1"
  ],
  "GO_NEGATIVE_REGULATION_OF_CELL_DIVISION": [
   "Aurkb",
   "Blm",
   "E2f8",
   "Myc",
   "Orc6",
   "Txnip"
  ],
  "GO_POSITIVE_REGULATION_OF_CELL_DIVISION": [
   "Aurkb",
   "Cdc42",
   "Cdc6",
   "Cenpv",
   "Pkn2",
   "Racgap1",
   "Sirt2",
   "Tal1",
   "Tgfb1",
   "Vegfb",
   "Ybx1"
  ],
  "GO_REGULATION_OF_CELL_DIVISION": [
   "Ahctf1",
   "Aurkb",
   "Birc6",
   "Calm1",
   "Calm2",
   "Cdk2ap2",
   "E2f8",
   "Incenp",
   "Myc",
   "Setd2",
   "Sh3glb1",
   "Sirt2",
   "Tgfb1",
   "Vegfb",
   "Ybx1"
  ]
 },
 "gene_set_to_pval": {
  "GO_CELL_DIVISION": 1.0,
  "GO_NEGATIVE_REGULATION_OF_CELL_DIVISION": 0.24691358024691357,
  "GO_POSITIVE_REGULATION_OF_CELL_DIVISION": 0.0052952078369075985,
  "GO_REGULATION_OF_CELL_DIVISION": 0.7407407407407407
 },
 "gene_set_to_pairwise_pvals": {
  "GO_POSITIVE_REGULATION_OF_CELL_DIVISION": {
   "Aurkb,Cdc42": 0.5405405405405406,
   "Aurkb,Cdc6": 0.18,
   "Aurkb,Cenpv": 0.8695652173913043,
   "Aurkb,Pkn2": 0.9090909090909091,
   "Aurkb,Racgap1": 0.9523809523809523,
   "Aurkb,Sirt2": 0.6451612903225806,
   "Aurkb,Tal1": 0.9523809523809523,
   "Aurkb,Tgfb1": 0.21505376344086022,
   "Aurkb,Vegfb": 0.02,
   "Aurkb,Ybx1": 0.07,
   "Cdc42,Cdc6": 0.24691358024691357,
   "Cdc42,Cenpv": 0.43478260869565216,
   "Cdc42,Pkn2": 0.14,
   "Cdc42,Racgap1": 0.6060606060606061,
   "Cdc42,Sirt2": 0.21978021978021978,
   "Cdc42,Tal1": 0.1,
   "Cdc42,Tgfb1": 0.5128205128205128,
   "Cdc42,Vegfb": 0.38461538461538464,
   "Cdc42,Ybx1": 0.6060606060606061,
   "Cdc6,Cenpv": 0.9090909090909091,
   "Cdc6,Pkn2": 0.6451612903225806,
   "Cdc6,Racgap1": 0.47619047619047616,
   "Cdc6,Sirt2": 0.46511627906976744,
   "Cdc6,Tal1": 0.9090909090909091,
   "Cdc6,Tgfb1": 0.04,
   "Cdc6,Vegfb": 0.37037037037037035,
   "Cdc6,Ybx1": 0.3333333333333333,
   "Cenpv,Pkn2": 0.3125,
   "Cenpv,Racgap1": 0.5882352941176471,
   "Cenpv,Sirt2": 0.03,
   "Cenpv,Tal1": 0.7142857142857143,
   "Cenpv,Tgfb1": 0.01,
   "Cenpv,Vegfb": 0.625,
   "Cenpv,Ybx1": 0.19,
   "Pkn2,Racgap1": 0.3225806451612903,
   "Pkn2,Sirt2": 0.8,
   "Pkn2,Tal1": 0.32786885245901637,
   "Pkn2,Tgfb1": 0.6666666666666666,
   "Pkn2,Vegfb": 0.37735849056603776,
   "Pkn2,Ybx1": 0.26666666666666666,
   "Racgap1,Sirt2": 0.12,
   "Racgap1,Tal1": 0.7692307692307693,
   "Racgap1,Tgfb1": 0.47619047619047616,
   "Racgap1,Vegfb": 0.40816326530612246,
   "Racgap1,Ybx1": 0.8333333333333334,
   "Sirt2,Tal1": 0.05,
   "Sirt2,Tgfb1": 1.0,
   "Sirt2,Vegfb": 0.6896551724137931,
   "Sirt2,Ybx1": 0.14,
   "Tal1,Tgfb1": 0.37037037037037035,
   "Tal1,Vegfb": 0.8333333333333334,
   "Tal1,Ybx1": 0.07,
   "Tgfb1,Vegfb": 0.15,
   "Tgfb1,Ybx1": 0.38461538461538464,
   "Vegfb,Ybx1": 0.3508771929824561
  }
 }
}