{
 "gene_set_to_genes": {
  "GO_ANTIMICROBIAL_HUMORAL_RESPONSE": [
   "Ctsg",
   "Elane",
   "Prtn3",
   "Romo1",
   "Rps19",
   "Slpi"
  ],
  "GO_HUMORAL_IMMUNE_RESPONSE": [
   "C1qbp",
   "Cd81",
   "Ctsg",
   "Elane",
   "Prtn3",
   "Psmb10",
   "Ptpn6",
   "Romo1",
   "Rps19",
   "Slpi"
  ]
 },
 "gene_set_to_pval": {
  "GO_ANTIMICROBIAL_HUMORAL_RESPONSE": 0.0001,
  "GO_HUMORAL_IMMUNE_RESPONSE": 0.0002
 },
 "gene_set_to_pairwise_pvals": {
  "GO_ANTIMICROBIAL_HUMORAL_RESPONSE": {
   "Ctsg,Elane": 0.05,
   "Ctsg,Prtn3": 0.01,
   "Ctsg,Romo1": 0.9523809523809523,
   "Ctsg,Rps19": 0.3448275862068966,
   "Ctsg,Slpi": 1.0,
   "Elane,Prtn3": 0.01,
   "Elane,Romo1": 0.8,
   "Elane,Rps19": 1.0,
   "Elane,Slpi": 1.0,
   "Prtn3,Romo1": 0.3333333333333333,
   "Prtn3,Rps19": 0.16,
   "Prtn3,Slpi": 0.8,
   "Romo1,Rps19": 0.6451612903225806,
   "Romo1,Slpi": 0.6896551724137931,
   "Rps19,Slpi": 0.16
  },
  "GO_HUMORAL_IMMUNE_RESPONSE": {
   "C1qbp,Cd81": 0.5128205128205128,
   "C1qbp,Ctsg": 0.24691358024691357,
   "C1qbp,Elane": 0.425531914893617,
   "C1qbp,Prtn3": 0.9090909090909091,
   "C1qbp,Psmb10": 0.7692307692307693,
   "C1qbp,Ptpn6": 0.8695652173913043,
   "C1qbp,Romo1": 0.3225806451612903,
   "C1qbp,Rps19": 0.8333333333333334,
   "C1qbp,Slpi": 0.6451612903225806,
   "Cd81,Ctsg": 0.35714285714285715,
   "Cd81,Elane": 0.01,
   "Cd81,Prtn3": 0.03,
   "Cd81,Psmb10": 0.4878048780487805,
   "Cd81,Ptpn6": 0.15,
   "Cd81,Romo1": 0.2,
   "Cd81,Rps19": 0.43478260869565216,
   "Cd81,Slpi": 0.38461538461538464,
   "Ctsg,Elane": 0.05,
   "Ctsg,Prtn3": 0.01,
   "Ctsg,Psmb10": 0.2777777777777778,
   "Ctsg,Ptpn6": 0.17,
   "Ctsg,Romo1": 0.9523809523809523,
   "Ctsg,Rps19": 0.3448275862068966,
   "Ctsg,Slpi": 1.0,
   "Elane,Prtn3": 0.01,
   "Elane,Psmb10": 0.8333333333333334,
   "Elane,Ptpn6": 0.5,
   "Elane,Romo1": 0.8,
   "Elane,Rps19": 1.0,
   "Elane,Slpi": 1.0,
   "Prtn3,Psmb10": 1.0,
   "Prtn3,Ptpn6": 0.8333333333333334,
   "Prtn3,Romo1": 0.3333333333333333,
   "Prtn3,Rps19": 0.16,
   "Prtn3,Slpi": 0.8,
   "Psmb10,Ptpn6": 0.3389830508474576,
   "Psmb10,Romo1": 0.05,
   "Psmb10,Rps19": 0.8,
   "Psmb10,Slpi": 1.0,
   "Ptpn6,Romo1": 0.08,
   "Ptpn6,Rps19": 0.30303030303030304,
   "Ptpn6,Slpi": 0.9523809523809523,
   "Romo1,Rps19": 0.6451612903225806,
   "Romo1,Slpi": 0.6896551724137931,
   "Rps19,Slpi": 0.16
  }
 }
}