{
 "gene_set_to_genes": {
  "GO_POSITIVE_REGULATION_OF_PHAGOCYTOSIS": [
   "Calr",
   "Cyba",
   "Dock2",
   "Fcer1g",
   "Gata2",
   "Lman2",
   "Lyar",
   "Pycard",
   "Rab27a",
   "Sod1"
  ],
  "GO_REGULATION_OF_PHAGOCYTOSIS": [
   "Calr",
   "Csk",
   "Cyba",
   "Dock2",
   "Fcer1g",
   "Gata2",
   "Lman2",
   "Lyar",
   "Prtn3",
   "Pycard",
   "Rab27a",
   "Snx3",
   "Sod1",
   "Sphk1",
   "Syk"
  ],
  "GO_PHAGOCYTOSIS": [
   "Actb",
   "Arpc2",
   "Arpc4",
   "Calr",
   "Coro1a",
   "Csk",
   "Elane",
   "Hsp90ab1",
   "Lman2",
   "Lyar",
   "Prtn3",
   "Rac2",
   "Rhog",
   "Snx3",
   "Sod1"
  ]
 },
 "gene_set_to_pval": {
  "GO_POSITIVE_REGULATION_OF_PHAGOCYTOSIS": 1.0,
  "GO_REGULATION_OF_PHAGOCYTOSIS": 1.0,
  "GO_PHAGOCYTOSIS": 0.04926108374384237
 },
 "gene_set_to_pairwise_pvals": {
  "GO_PHAGOCYTOSIS": {
   "Actb,Arpc2": 0.5405405405405406,
   "Actb,Arpc4": 0.6451612903225806,
   "Actb,Calr": 0.9523809523809523,
   "Actb,Coro1a": 0.36363636363636365,
   "Actb,Csk": 0.7692307692307693,
   "Actb,Elane": 0.01,
   "Actb,Hsp90ab1": 0.5128205128205128,
   "Actb,Lman2": 0.3076923076923077,
   "Actb,Lyar": 0.29850746268656714,
   "Actb,Prtn3": 0.01,
   "Actb,Rac2": 0.9090909090909091,
   "Actb,Rhog": 0.05,
   "Actb,Snx3": 0.2597402597402597,
   "Actb,Sod1": 1.0,
   "Arpc2,Arpc4": 0.5882352941176471,
   "Arpc2,Calr": 0.5,
   "Arpc2,Coro1a": 0.6060606060606061,
   "Arpc2,Csk": 0.625,
   "Arpc2,Elane": 0.2597402597402597,
   "Arpc2,Hsp90ab1": 0.8695652173913043,
   "Arpc2,Lman2": 0.6666666666666666,
   "Arpc2,Lyar": 0.5263157894736842,
   "Arpc2,Prtn3": 0.9523809523809523,
   "Arpc2,Rac2": 0.9523809523809523,
   "Arpc2,Rhog": 1.0,
   "Arpc2,Snx3": 0.2702702702702703,
   "Arpc2,Sod1": 0.40816326530612246,
   "Arpc4,Calr": 0.5263157894736842,
   "Arpc4,Coro1a": 0.5263157894736842,
   "Arpc4,Csk": 0.6896551724137931,
   "Arpc4,Elane": 0.17,
   "Arpc4,Hsp90ab1": 0.08,
   "Arpc4,Lman2": 0.5882352941176471,
   "Arpc4,Lyar": 0.7142857142857143,
   "Arpc4,Prtn3": 0.425531914893617,
   "Arpc4,Rac2": 0.8695652173913043,
   "Arpc4,Rhog": 0.6896551724137931,
   "Arpc4,Snx3": 0.04,
   "Arpc4,Sod1": 0.3448275862068966,
   "Calr,Coro1a": 0.9090909090909091,
   "Calr,Csk": 0.09,
   "Calr,Elane": 0.37037037037037035,
   "Calr,Hsp90ab1": 0.425531914893617,
   "Calr,Lman2": 0.8333333333333334,
   "Calr,Lyar": 0.15,
   "Calr,Prtn3": 0.03,
   "Calr,Rac2": 0.7142857142857143,
   "Calr,Rhog": 0.7692307692307693,
   "Calr,Snx3": 0.4,
   "Calr,Sod1": 0.8333333333333334,
   "Coro1a,Csk": 0.6451612903225806,
   "Coro1a,Elane": 0.7142857142857143,
   "Coro1a,Hsp90ab1": 0.9523809523809523,
   "Coro1a,Lman2": 0.5128205128205128,
   "Coro1a,Lyar": 0.24390243902439024,
   "Coro1a,Prtn3": 0.2702702702702703,
   "Coro1a,Rac2": 0.6451612903225806,
   "Coro1a,Rhog": 1.0,
   "Coro1a,Snx3": 0.3448275862068966,
   "Coro1a,Sod1": 0.8695652173913043,
   "Csk,Elane": 0.3508771929824561,
   "Csk,Hsp90ab1": 0.9523809523809523,
   "Csk,Lman2": 0.3333333333333333,
   "Csk,Lyar": 0.4166666666666667,
   "Csk,Prtn3": 0.05,
   "Csk,Rac2": 0.8695652173913043,
   "Csk,Rhog": 0.38461538461538464,
   "Csk,Snx3": 0.9090909090909091,
   "Csk,Sod1": 0.4166666666666667,
   "Elane,Hsp90ab1": 0.5882352941176471,
   "Elane,Lman2": 0.7407407407407407,
   "Elane,Lyar": 0.8,
   "Elane,Prtn3": 0.01,
   "Elane,Rac2": 0.45454545454545453,
   "Elane,Rhog": 0.9523809523809523,
   "Elane,Snx3": 0.6451612903225806,
   "Elane,Sod1": 0.05,
   "Hsp90ab1,Lman2": 0.9523809523809523,
   "Hsp90ab1,Lyar": 0.07,
   "Hsp90ab1,Prtn3": 0.04,
   "Hsp90ab1,Rac2": 0.8333333333333334,
   "Hsp90ab1,Rhog": 0.47619047619047616,
   "Hsp90ab1,Snx3": 0.2247191011235955,
   "Hsp90ab1,Sod1": 0.5,
   "Lman2,Lyar": 0.6060606060606061,
   "Lman2,Prtn3": 0.12,
   "Lman2,Rac2": 0.5882352941176471,
   "Lman2,Rhog": 0.5,
   "Lman2,Snx3": 0.5,
   "Lman2,Sod1": 0.9523809523809523,
   "Lyar,Prtn3": 0.31746031746031744,
   "Lyar,Rac2": 0.9523809523809523,
   "Lyar,Rhog": 0.19,
   "Lyar,Snx3": 0.8333333333333334,
   "Lyar,Sod1": 1.0,
   "Prtn3,Rac2": 0.8333333333333334,
   "Prtn3,Rhog": 0.9523809523809523,
   "Prtn3,Snx3": 0.2631578947368421,
   "Prtn3,Sod1": 0.2,
   "Rac2,Rhog": 0.8695652173913043,
   "Rac2,Snx3": 0.6060606060606061,
   "Rac2,Sod1": 0.9523809523809523,
   "Rhog,Snx3": 0.09,
   "Rhog,Sod1": 0.7692307692307693,
   "Snx3,Sod1": 0.4166666666666667
  }
 }
}