{
 "gene_set_to_genes": {
  "GO_CELL_DIVISION": [
   "CALM1",
   "CALM2",
   "CDC42",
   "CFL1",
   "GNAI2",
   "MYH9",
   "PPP1CA",
   "RACK1",
   "RAN",
   "RHOA",
   "RPS3",
   "SFN",
   "TUBB",
   "YBX1",
   "ZFP36L2"
  ],
  "GO_ASYMMETRIC_CELL_DIVISION": [
   "ACTR2",
   "ACTR3",
   "ARHGEF2",
   "GOLGA2",
   "PARD3",
   "RAB10",
   "RGS14",
   "TEAD3"
  ],
  "GO_STEM_CELL_DIVISION": [
   "AKNA",
   "ARHGEF2",
   "FGFR1",
   "GNL3",
   "LBH",
   "NCOA3",
   "NOTCH1",
   "NUMB",
   "PAFAH1B1",
   "RAB10",
   "SFRP2",
   "TEAD3",
   "TIAL1",
   "WWTR1",
   "ZFP36L2"
  ],
  "GO_POSITIVE_REGULATION_OF_CELL_DIVISION": [
   "CAT",
   "CDC25B",
   "CDC42",
   "GIPC1",
   "ITGB1BP1",
   "LBH",
   "NUP62",
   "PGF",
   "PKN2",
   "RHOA",
   "SIRT2",
   "TGFB1",
   "VEGFA",
   "VEGFB",
   "YBX1"
  ],
  "GO_REGULATION_OF_CELL_DIVISION": [
   "C10orf99",
   "CALM1",
   "CALM2",
   "CDC25B",
   "CDC42",
   "CIB1",
   "GIPC1",
   "RAB11A",
   "RACK1",
   "RHOA",
   "SFN",
   "SFRP2",
   "TP63",
   "TXNIP",
   "YBX1"
  ],
  "GO_SOMATIC_STEM_CELL_DIVISION": [
   "AKNA",
   "ARHGEF2",
   "FGFR1",
   "FGFR2",
   "LBH",
   "NOTCH1",
   "NUMB",
   "RAB10",
   "TEAD3",
   "ZFP36L2"
  ]
 },
 "gene_set_to_pval": {
  "GO_CELL_DIVISION": 1.0,
  "GO_ASYMMETRIC_CELL_DIVISION": 0.3125,
  "GO_STEM_CELL_DIVISION": 0.8695652173913043,
  "GO_POSITIVE_REGULATION_OF_CELL_DIVISION": 0.7407407407407407,
  "GO_REGULATION_OF_CELL_DIVISION": 0.5882352941176471,
  "GO_SOMATIC_STEM_CELL_DIVISION": 0.5714285714285714
 },
 "gene_set_to_cluster_to_pval": {
  "GO_CELL_DIVISION": {
   "2": 0.3333333333333333,
   "5": 0.8571428571428571,
   "3": 0.6666666666666666,
   "8": 1.0,
   "4": 1.0,
   "1": 0.47619047619047616,
   "6": 0.6190476190476191,
   "7": 1.0
  },
  "GO_ASYMMETRIC_CELL_DIVISION": {
   "2": 0.5076923076923077,
   "5": 0.4307692307692308,
   "3": 0.15384615384615385,
   "8": 0.015384615384615385,
   "4": 0.5230769230769231,
   "1": 1.0,
   "6": 0.24615384615384617,
   "7": 0.24615384615384617
  },
  "GO_STEM_CELL_DIVISION": {
   "2": 0.3333333333333333,
   "5": 0.5833333333333334,
   "3": 0.625,
   "8": 0.7083333333333334,
   "4": 0.9166666666666666,
   "1": 0.25,
   "6": 0.3333333333333333,
   "7": 1.0
  },
  "GO_POSITIVE_REGULATION_OF_CELL_DIVISION": {
   "2": 0.8928571428571429,
   "5": 0.25,
   "3": 0.14285714285714285,
   "8": 0.5,
   "4": 0.6071428571428571,
   "1": 0.32142857142857145,
   "6": 0.9642857142857143,
   "7": 0.9642857142857143
  },
  "GO_REGULATION_OF_CELL_DIVISION": {
   "2": 0.22857142857142856,
   "5": 0.2857142857142857,
   "3": 0.6571428571428571,
   "8": 0.8857142857142857,
   "4": 0.6285714285714286,
   "1": 0.2,
   "6": 0.34285714285714286,
   "7": 0.9428571428571428
  },
  "GO_SOMATIC_STEM_CELL_DIVISION": {
   "2": 0.1388888888888889,
   "5": 0.5,
   "3": 0.3333333333333333,
   "8": 0.8888888888888888,
   "4": 0.9444444444444444,
   "1": 0.3333333333333333,
   "6": 0.8888888888888888,
   "7": 0.9444444444444444
  }
 },
 "gene_set_to_pairwise_pvals": {},
 "gene_set_to_pairwise_clust_to_pval": {}
}