{
 "gene_set_to_genes": {
  "GO_NEGATIVE_REGULATION_OF_DNA_REPAIR": [
   "HSF1",
   "MAD2L2",
   "NUDT16L1",
   "OTUB1",
   "RIF1",
   "RNF169",
   "RPS3",
   "SMCHD1",
   "TFIP11",
   "TRIP12",
   "TWIST1",
   "UBQLN4",
   "UBR5"
  ],
  "GO_REGULATION_OF_DNA_REPAIR": [
   "ACTR2",
   "DEK",
   "DHX9",
   "EGFR",
   "FUS",
   "HMGB1",
   "OTUB1",
   "PCNA",
   "PPP4C",
   "PRKDC",
   "RPS3",
   "TRIM28",
   "TRIP12",
   "UBE2N",
   "UBE2V2"
  ],
  "GO_DNA_REPAIR": [
   "ACTR2",
   "HMGB1",
   "MORF4L1",
   "NPM1",
   "NUCKS1",
   "PARK7",
   "POLR2L",
   "RPS27A",
   "RPS3",
   "SFPQ",
   "UBA52",
   "UBC",
   "UBE2D3",
   "VCP",
   "XRCC5"
  ],
  "GO_POSITIVE_REGULATION_OF_DNA_REPAIR": [
   "ACTR2",
   "CEBPG",
   "DHX9",
   "DTX3L",
   "EGFR",
   "FUS",
   "HMGB1",
   "MMS19",
   "PARP1",
   "PCNA",
   "PRKDC",
   "RPS3",
   "TRIM28",
   "UBE2N",
   "UBE2V2"
  ],
  "GO_DNA_SYNTHESIS_INVOLVED_IN_DNA_REPAIR": [
   "FAAP20",
   "ISG15",
   "NPLOC4",
   "PCNA",
   "POLD2",
   "RPA1",
   "RPA2",
   "RPA3",
   "RPS27A",
   "UBA52",
   "UBB",
   "UBC",
   "UBE2L6",
   "VCP",
   "WRNIP1"
  ],
  "GO_DNA_DEALKYLATION_INVOLVED_IN_DNA_REPAIR": [
   "ALKBH3",
   "ALKBH5",
   "ASCC2",
   "ASCC3",
   "MGMT",
   "MPG"
  ]
 },
 "gene_set_to_pval": {
  "GO_NEGATIVE_REGULATION_OF_DNA_REPAIR": 0.8,
  "GO_REGULATION_OF_DNA_REPAIR": 0.8,
  "GO_DNA_REPAIR": 0.9523809523809523,
  "GO_POSITIVE_REGULATION_OF_DNA_REPAIR": 1.0,
  "GO_DNA_SYNTHESIS_INVOLVED_IN_DNA_REPAIR": 0.28169014084507044,
  "GO_DNA_DEALKYLATION_INVOLVED_IN_DNA_REPAIR": 0.8
 },
 "gene_set_to_cluster_to_pval": {
  "GO_NEGATIVE_REGULATION_OF_DNA_REPAIR": {
   "2": 0.38461538461538464,
   "5": 0.9615384615384616,
   "3": 0.6538461538461539,
   "8": 0.5,
   "4": 1.0,
   "1": 0.3076923076923077,
   "6": 0.5,
   "7": 0.9230769230769231
  },
  "GO_REGULATION_OF_DNA_REPAIR": {
   "2": 0.6538461538461539,
   "5": 0.8076923076923077,
   "3": 0.2692307692307692,
   "8": 0.6538461538461539,
   "4": 0.7692307692307693,
   "1": 0.6923076923076923,
   "6": 0.2692307692307692,
   "7": 1.0
  },
  "GO_DNA_REPAIR": {
   "2": 0.9545454545454546,
   "5": 0.045454545454545456,
   "3": 0.3181818181818182,
   "8": 0.9545454545454546,
   "4": 1.0,
   "1": 0.5909090909090909,
   "6": 0.6818181818181818,
   "7": 0.4090909090909091
  },
  "GO_POSITIVE_REGULATION_OF_DNA_REPAIR": {
   "2": 0.9523809523809523,
   "5": 0.42857142857142855,
   "3": 0.8571428571428571,
   "8": 0.6666666666666666,
   "4": 0.9047619047619048,
   "1": 0.8571428571428571,
   "6": 0.6190476190476191,
   "7": 0.9047619047619048
  },
  "GO_DNA_SYNTHESIS_INVOLVED_IN_DNA_REPAIR": {
   "2": 0.06944444444444445,
   "5": 0.013888888888888888,
   "3": 0.5972222222222222,
   "8": 0.2916666666666667,
   "4": 0.8611111111111112,
   "1": 0.7083333333333334,
   "6": 0.9305555555555556,
   "7": 0.5138888888888888
  },
  "GO_DNA_DEALKYLATION_INVOLVED_IN_DNA_REPAIR": {
   "2": 0.2692307692307692,
   "5": 0.8461538461538461,
   "3": 0.46153846153846156,
   "8": 0.07692307692307693,
   "4": 0.6538461538461539,
   "1": 0.9230769230769231,
   "6": 0.38461538461538464,
   "7": 0.6923076923076923
  }
 },
 "gene_set_to_pairwise_pvals": {},
 "gene_set_to_pairwise_clust_to_pval": {}
}