{
 "gene_set_to_genes": {
  "GO_REGULATION_OF_EPIDERMIS_DEVELOPMENT": [
   "AQP3",
   "CDH3",
   "CDSN",
   "CTNNB1",
   "CTSK",
   "HES1",
   "KRT10",
   "KRT17",
   "KRT2",
   "RUNX1",
   "SERPINB13",
   "SFN",
   "SPINK5",
   "TP63",
   "ZFP36L1"
  ],
  "GO_POSITIVE_REGULATION_OF_EPIDERMIS_DEVELOPMENT": [
   "FOXN1",
   "FST",
   "KRT10",
   "KRT17",
   "KRT2",
   "NCOA3",
   "NOTCH1",
   "NUMA1",
   "SFN",
   "SULT2B1",
   "TMEM79",
   "TRADD",
   "TRIM16",
   "VDR",
   "WNT5A"
  ],
  "GO_NEGATIVE_REGULATION_OF_EPIDERMIS_DEVELOPMENT": [
   "CDH3",
   "CDSN",
   "EZH2",
   "FERMT1",
   "HES1",
   "NOTCH1",
   "SRSF6",
   "TP63"
  ],
  "GO_EPIDERMIS_DEVELOPMENT": [
   "CSTA",
   "FABP5",
   "KRT1",
   "KRT10",
   "KRT14",
   "KRT16",
   "KRT17",
   "KRT5",
   "KRT6A",
   "KRT6B",
   "KRT6C",
   "PERP",
   "S100A7",
   "SFN",
   "SPRR1B"
  ]
 },
 "gene_set_to_pval": {
  "GO_REGULATION_OF_EPIDERMIS_DEVELOPMENT": 0.0001,
  "GO_POSITIVE_REGULATION_OF_EPIDERMIS_DEVELOPMENT": 0.0001,
  "GO_NEGATIVE_REGULATION_OF_EPIDERMIS_DEVELOPMENT": 0.003537318712415989,
  "GO_EPIDERMIS_DEVELOPMENT": 0.0001
 },
 "gene_set_to_pairwise_pvals": {
  "GO_REGULATION_OF_EPIDERMIS_DEVELOPMENT": {
   "AQP3,CDH3": 0.32786885245901637,
   "AQP3,CDSN": 0.05089058524173028,
   "AQP3,CTNNB1": 0.23809523809523808,
   "AQP3,CTSK": 0.09615384615384616,
   "AQP3,HES1": 0.8,
   "AQP3,KRT10": 0.06472491909385113,
   "AQP3,KRT17": 0.9523809523809523,
   "AQP3,KRT2": 0.5263157894736842,
   "AQP3,RUNX1": 0.5405405405405406,
   "AQP3,SERPINB13": 0.11235955056179775,
   "AQP3,SFN": 0.001,
   "AQP3,SPINK5": 0.002,
   "AQP3,TP63": 0.10152284263959391,
   "AQP3,ZFP36L1": 0.5,
   "CDH3,CDSN": 0.07434944237918216,
   "CDH3,CTNNB1": 0.5555555555555556,
   "CDH3,CTSK": 0.05361930294906166,
   "CDH3,HES1": 0.24096385542168675,
   "CDH3,KRT10": 0.017,
   "CDH3,KRT17": 0.06535947712418301,
   "CDH3,KRT2": 0.43478260869565216,
   "CDH3,RUNX1": 0.3333333333333333,
   "CDH3,SERPINB13": 0.05037783375314862,
   "CDH3,SFN": 0.002,
   "CDH3,SPINK5": 0.16393442622950818,
   "CDH3,TP63": 0.048426150121065374,
   "CDH3,ZFP36L1": 0.11049723756906077,
   "CDSN,CTNNB1": 0.37735849056603776,
   "CDSN,CTSK": 0.29411764705882354,
   "CDSN,HES1": 0.08849557522123894,
   "CDSN,KRT10": 0.425531914893617,
   "CDSN,KRT17": 0.06042296072507553,
   "CDSN,KRT2": 0.11049723756906077,
   "CDSN,RUNX1": 0.001,
   "CDSN,SERPINB13": 0.8,
   "CDSN,SFN": 0.025252525252525252,
   "CDSN,SPINK5": 0.016,
   "CDSN,TP63": 0.5882352941176471,
   "CDSN,ZFP36L1": 0.7407407407407407,
   "CTNNB1,CTSK": 0.6451612903225806,
   "CTNNB1,HES1": 0.2564102564102564,
   "CTNNB1,KRT10": 0.38461538461538464,
   "CTNNB1,KRT17": 0.8,
   "CTNNB1,KRT2": 0.9523809523809523,
   "CTNNB1,RUNX1": 0.4444444444444444,
   "CTNNB1,SERPINB13": 0.2597402597402597,
   "CTNNB1,SFN": 0.1941747572815534,
   "CTNNB1,SPINK5": 0.002,
   "CTNNB1,TP63": 0.23529411764705882,
   "CTNNB1,ZFP36L1": 0.5714285714285714,
   "CTSK,HES1": 0.9090909090909091,
   "CTSK,KRT10": 0.07352941176470588,
   "CTSK,KRT17": 0.5405405405405406,
   "CTSK,KRT2": 0.7692307692307693,
   "CTSK,RUNX1": 0.4444444444444444,
   "CTSK,SERPINB13": 0.5882352941176471,
   "CTSK,SFN": 0.017,
   "CTSK,SPINK5": 0.4,
   "CTSK,TP63": 0.5882352941176471,
   "CTSK,ZFP36L1": 0.5128205128205128,
   "HES1,KRT10": 0.2,
   "HES1,KRT17": 0.8,
   "HES1,KRT2": 0.3225806451612903,
   "HES1,RUNX1": 0.4166666666666667,
   "HES1,SERPINB13": 0.023612750885478158,
   "HES1,SFN": 0.9090909090909091,
   "HES1,SPINK5": 0.7142857142857143,
   "HES1,TP63": 0.14388489208633093,
   "HES1,ZFP36L1": 0.7692307692307693,
   "KRT10,KRT17": 0.2597402597402597,
   "KRT10,KRT2": 0.001,
   "KRT10,RUNX1": 0.8,
   "KRT10,SERPINB13": 0.18018018018018017,
   "KRT10,SFN": 0.001,
   "KRT10,SPINK5": 0.006,
   "KRT10,TP63": 0.2597402597402597,
   "KRT10,ZFP36L1": 0.17857142857142858,
   "KRT17,KRT2": 1.0,
   "KRT17,RUNX1": 0.9090909090909091,
   "KRT17,SERPINB13": 0.07662835249042145,
   "KRT17,SFN": 0.2702702702702703,
   "KRT17,SPINK5": 0.8333333333333334,
   "KRT17,TP63": 0.6666666666666666,
   "KRT17,ZFP36L1": 0.6896551724137931,
   "KRT2,RUNX1": 0.9523809523809523,
   "KRT2,SERPINB13": 0.7407407407407407,
   "KRT2,SFN": 0.026143790849673203,
   "KRT2,SPINK5": 0.2898550724637681,
   "KRT2,TP63": 0.625,
   "KRT2,ZFP36L1": 1.0,
   "RUNX1,SERPINB13": 0.001,
   "RUNX1,SFN": 0.02403846153846154,
   "RUNX1,SPINK5": 0.003,
   "RUNX1,TP63": 0.425531914893617,
   "RUNX1,ZFP36L1": 0.8695652173913043,
   "SERPINB13,SFN": 0.014,
   "SERPINB13,SPINK5": 0.08695652173913043,
   "SERPINB13,TP63": 0.4444444444444444,
   "SERPINB13,ZFP36L1": 0.6060606060606061,
   "SFN,SPINK5": 0.001,
   "SFN,TP63": 0.20202020202020202,
   "SFN,ZFP36L1": 1.0,
   "SPINK5,TP63": 0.10526315789473684,
   "SPINK5,ZFP36L1": 0.6666666666666666,
   "TP63,ZFP36L1": 1.0
  },
  "GO_POSITIVE_REGULATION_OF_EPIDERMIS_DEVELOPMENT": {
   "FOXN1,FST": 0.37037037037037035,
   "FOXN1,KRT10": 0.16,
   "FOXN1,KRT17": 0.7692307692307693,
   "FOXN1,KRT2": 0.8,
   "FOXN1,NCOA3": 0.5882352941176471,
   "FOXN1,NOTCH1": 0.46511627906976744,
   "FOXN1,NUMA1": 0.5,
   "FOXN1,SFN": 0.8333333333333334,
   "FOXN1,SULT2B1": 0.18867924528301888,
   "FOXN1,TMEM79": 0.25,
   "FOXN1,TRADD": 0.5263157894736842,
   "FOXN1,TRIM16": 0.05747126436781609,
   "FOXN1,VDR": 0.5882352941176471,
   "FOXN1,WNT5A": 1.0,
   "FST,KRT10": 1.0,
   "FST,KRT17": 0.23529411764705882,
   "FST,KRT2": 1.0,
   "FST,NCOA3": 0.8695652173913043,
   "FST,NOTCH1": 0.7142857142857143,
   "FST,NUMA1": 0.47619047619047616,
   "FST,SFN": 0.35714285714285715,
   "FST,SULT2B1": 0.625,
   "FST,TMEM79": 0.8695652173913043,
   "FST,TRADD": 0.012,
   "FST,TRIM16": 0.020060180541624874,
   "FST,VDR": 0.09900990099009901,
   "FST,WNT5A": 0.10362694300518134,
   "KRT10,KRT17": 0.2597402597402597,
   "KRT10,KRT2": 0.001,
   "KRT10,NCOA3": 0.8,
   "KRT10,NOTCH1": 0.6451612903225806,
   "KRT10,NUMA1": 0.6896551724137931,
   "KRT10,SFN": 0.001,
   "KRT10,SULT2B1": 0.5405405405405406,
   "KRT10,TMEM79": 0.2631578947368421,
   "KRT10,TRADD": 1.0,
   "KRT10,TRIM16": 1.0,
   "KRT10,VDR": 0.9523809523809523,
   "KRT10,WNT5A": 0.07407407407407407,
   "KRT17,KRT2": 1.0,
   "KRT17,NCOA3": 0.6666666666666666,
   "KRT17,NOTCH1": 0.08368200836820083,
   "KRT17,NUMA1": 0.24390243902439024,
   "KRT17,SFN": 0.2702702702702703,
   "KRT17,SULT2B1": 0.5714285714285714,
   "KRT17,TMEM79": 0.03816793893129771,
   "KRT17,TRADD": 0.8,
   "KRT17,TRIM16": 0.9090909090909091,
   "KRT17,VDR": 0.6060606060606061,
   "KRT17,WNT5A": 0.17094017094017094,
   "KRT2,NCOA3": 0.9090909090909091,
   "KRT2,NOTCH1": 0.45454545454545453,
   "KRT2,NUMA1": 0.8,
   "KRT2,SFN": 0.026143790849673203,
   "KRT2,SULT2B1": 0.5263157894736842,
   "KRT2,TMEM79": 0.4444444444444444,
   "KRT2,TRADD": 0.9523809523809523,
   "KRT2,TRIM16": 1.0,
   "KRT2,VDR": 1.0,
   "KRT2,WNT5A": 0.9090909090909091,
   "NCOA3,NOTCH1": 0.625,
   "NCOA3,NUMA1": 0.6060606060606061,
   "NCOA3,SFN": 0.7692307692307693,
   "NCOA3,SULT2B1": 0.8333333333333334,
   "NCOA3,TMEM79": 0.8695652173913043,
   "NCOA3,TRADD": 0.19607843137254902,
   "NCOA3,TRIM16": 0.04132231404958678,
   "NCOA3,VDR": 0.17094017094017094,
   "NCOA3,WNT5A": 0.05249343832020997,
   "NOTCH1,NUMA1": 0.43478260869565216,
   "NOTCH1,SFN": 0.9523809523809523,
   "NOTCH1,SULT2B1": 0.16129032258064516,
   "NOTCH1,TMEM79": 0.2777777777777778,
   "NOTCH1,TRADD": 1.0,
   "NOTCH1,TRIM16": 0.20408163265306123,
   "NOTCH1,VDR": 0.7142857142857143,
   "NOTCH1,WNT5A": 0.136986301369863,
   "NUMA1,SFN": 0.6060606060606061,
   "NUMA1,SULT2B1": 0.5714285714285714,
   "NUMA1,TMEM79": 0.6896551724137931,
   "NUMA1,TRADD": 0.2597402597402597,
   "NUMA1,TRIM16": 0.29411764705882354,
   "NUMA1,VDR": 0.47619047619047616,
   "NUMA1,WNT5A": 0.8695652173913043,
   "SFN,SULT2B1": 0.03759398496240601,
   "SFN,TMEM79": 0.7407407407407407,
   "SFN,TRADD": 0.7692307692307693,
   "SFN,TRIM16": 0.1941747572815534,
   "SFN,VDR": 0.3125,
   "SFN,WNT5A": 0.08264462809917356,