{
 "gene_set_to_genes": {
  "GO_REGULATION_OF_CELLULAR_RESPONSE_TO_HYPOXIA": [
   "AJUBA",
   "CD34",
   "CHCHD2",
   "ENO1",
   "NOL3",
   "ROCK2",
   "TMBIM6"
  ],
  "GO_REGULATION_OF_TRANSCRIPTION_FROM_RNA_POLYMERASE_II_PROMOTER_IN_RESPONSE_TO_HYPOXIA": [
   "EPAS1",
   "HIF1A",
   "PSMA7",
   "PSMB3",
   "PSMB4",
   "PSMB6",
   "PSMB7",
   "PSMC5",
   "PSMD1",
   "PSMD8",
   "PSME1",
   "PSME2",
   "RPS27A",
   "UBA52",
   "UBC"
  ],
  "GO_POSITIVE_REGULATION_OF_TRANSCRIPTION_FROM_RNA_POLYMERASE_II_PROMOTER_IN_RESPONSE_TO_HYPOXIA": [
   "HIF1A",
   "NFE2L2",
   "NOTCH1",
   "RBPJ",
   "VEGFA"
  ]
 },
 "gene_set_to_pval": {
  "GO_REGULATION_OF_CELLULAR_RESPONSE_TO_HYPOXIA": 0.6896551724137931,
  "GO_REGULATION_OF_TRANSCRIPTION_FROM_RNA_POLYMERASE_II_PROMOTER_IN_RESPONSE_TO_HYPOXIA": 0.43478260869565216,
  "GO_POSITIVE_REGULATION_OF_TRANSCRIPTION_FROM_RNA_POLYMERASE_II_PROMOTER_IN_RESPONSE_TO_HYPOXIA": 0.37735849056603776
 },
 "gene_set_to_cluster_to_pval": {
  "GO_REGULATION_OF_CELLULAR_RESPONSE_TO_HYPOXIA": {
   "2": 0.23333333333333334,
   "5": 0.13333333333333333,
   "3": 0.8333333333333334,
   "8": 0.3,
   "4": 0.8666666666666667,
   "1": 0.9,
   "6": 0.43333333333333335,
   "7": 0.3333333333333333
  },
  "GO_REGULATION_OF_TRANSCRIPTION_FROM_RNA_POLYMERASE_II_PROMOTER_IN_RESPONSE_TO_HYPOXIA": {
   "2": 0.0851063829787234,
   "5": 0.0425531914893617,
   "3": 0.48936170212765956,
   "8": 0.9787234042553191,
   "4": 1.0,
   "1": 0.9361702127659575,
   "6": 0.5531914893617021,
   "7": 0.6170212765957447
  },
  "GO_POSITIVE_REGULATION_OF_TRANSCRIPTION_FROM_RNA_POLYMERASE_II_PROMOTER_IN_RESPONSE_TO_HYPOXIA": {
   "2": 0.8333333333333334,
   "5": 0.018518518518518517,
   "3": 0.7592592592592593,
   "8": 0.5370370370370371,
   "4": 0.18518518518518517,
   "1": 0.16666666666666666,
   "6": 0.24074074074074073,
   "7": 0.6481481481481481
  }
 },
 "gene_set_to_pairwise_pvals": {},
 "gene_set_to_pairwise_clust_to_pval": {}
}