{
 "gene_set_to_genes": {
  "GO_CELL_MIGRATION_INVOLVED_IN_SPROUTING_ANGIOGENESIS": [
   "ANXA1",
   "CIB1",
   "FGFBP1",
   "KLF4",
   "PLK2",
   "RHOA",
   "VEGFA"
  ],
  "GO_SPROUTING_ANGIOGENESIS": [
   "ANXA1",
   "CDC42",
   "CIB1",
   "EPN1",
   "FGFBP1",
   "KLF4",
   "PKM",
   "PLK2",
   "RHOA",
   "RNF213",
   "VEGFA"
  ],
  "GO_REGULATION_OF_CELL_MIGRATION_INVOLVED_IN_SPROUTING_ANGIOGENESIS": [
   "ANXA1",
   "CIB1",
   "FGFBP1",
   "KLF4",
   "PLK2",
   "RHOA",
   "VEGFA"
  ],
  "GO_POSITIVE_REGULATION_OF_SPROUTING_ANGIOGENESIS": [
   "ANXA1",
   "CIB1",
   "FGFBP1",
   "KLF4",
   "PKM",
   "PLK2",
   "VEGFA"
  ],
  "GO_ANGIOGENESIS_INVOLVED_IN_WOUND_HEALING": [
   "ADIPOR2",
   "GPX1",
   "MCAM",
   "PRCP",
   "XBP1"
  ],
  "GO_REGULATION_OF_SPROUTING_ANGIOGENESIS": [
   "ANXA1",
   "CIB1",
   "EPN1",
   "FGFBP1",
   "KLF4",
   "PKM",
   "PLK2",
   "RHOA",
   "VEGFA"
  ],
  "GO_POSITIVE_REGULATION_OF_CELL_MIGRATION_INVOLVED_IN_SPROUTING_ANGIOGENESIS": [
   "ANXA1",
   "CIB1",
   "FGFBP1",
   "PLK2",
   "VEGFA"
  ]
 },
 "gene_set_to_pval": {
  "GO_CELL_MIGRATION_INVOLVED_IN_SPROUTING_ANGIOGENESIS": 0.6060606060606061,
  "GO_SPROUTING_ANGIOGENESIS": 0.7692307692307693,
  "GO_REGULATION_OF_CELL_MIGRATION_INVOLVED_IN_SPROUTING_ANGIOGENESIS": 0.5714285714285714,
  "GO_POSITIVE_REGULATION_OF_SPROUTING_ANGIOGENESIS": 0.5714285714285714,
  "GO_ANGIOGENESIS_INVOLVED_IN_WOUND_HEALING": 0.09389671361502347,
  "GO_REGULATION_OF_SPROUTING_ANGIOGENESIS": 0.8333333333333334,
  "GO_POSITIVE_REGULATION_OF_CELL_MIGRATION_INVOLVED_IN_SPROUTING_ANGIOGENESIS": 0.425531914893617
 },
 "gene_set_to_cluster_to_pval": {
  "GO_CELL_MIGRATION_INVOLVED_IN_SPROUTING_ANGIOGENESIS": {
   "6": 0.14705882352941177,
   "8": 0.8529411764705882,
   "4": 0.14705882352941177,
   "9": 0.5588235294117647,
   "3": 0.6176470588235294,
   "11": 0.6470588235294118,
   "5": 0.7352941176470589,
   "7": 0.5882352941176471
  },
  "GO_SPROUTING_ANGIOGENESIS": {
   "6": 0.037037037037037035,
   "8": 1.0,
   "4": 0.8148148148148148,
   "9": 0.48148148148148145,
   "3": 0.7777777777777778,
   "11": 0.8888888888888888,
   "5": 0.8888888888888888,
   "7": 0.7407407407407407
  },
  "GO_REGULATION_OF_CELL_MIGRATION_INVOLVED_IN_SPROUTING_ANGIOGENESIS": {
   "6": 0.2222222222222222,
   "8": 0.8333333333333334,
   "4": 0.25,
   "9": 0.5277777777777778,
   "3": 0.6666666666666666,
   "11": 0.75,
   "5": 0.5833333333333334,
   "7": 0.5833333333333334
  },
  "GO_POSITIVE_REGULATION_OF_SPROUTING_ANGIOGENESIS": {
   "6": 0.1111111111111111,
   "8": 0.9166666666666666,
   "4": 0.5555555555555556,
   "9": 0.4444444444444444,
   "3": 0.6944444444444444,
   "11": 0.75,
   "5": 0.75,
   "7": 0.6944444444444444
  },
  "GO_ANGIOGENESIS_INVOLVED_IN_WOUND_HEALING": {
   "6": 0.4205607476635514,
   "8": 0.26635514018691586,
   "4": 0.18691588785046728,
   "9": 0.04672897196261682,
   "3": 1.0,
   "11": 0.6728971962616822,
   "5": 0.27102803738317754,
   "7": 0.03271028037383177
  },
  "GO_REGULATION_OF_SPROUTING_ANGIOGENESIS": {
   "6": 0.04,
   "8": 0.96,
   "4": 0.68,
   "9": 0.56,
   "3": 0.84,
   "11": 0.84,
   "5": 0.8,
   "7": 0.72
  },
  "GO_POSITIVE_REGULATION_OF_CELL_MIGRATION_INVOLVED_IN_SPROUTING_ANGIOGENESIS": {
   "6": 0.4583333333333333,
   "8": 0.5208333333333334,
   "4": 0.125,
   "9": 0.5,
   "3": 1.0,
   "11": 0.8333333333333334,
   "5": 0.125,
   "7": 0.25
  }
 },
 "gene_set_to_pairwise_pvals": {},
 "gene_set_to_pairwise_clust_to_pval": {}
}