{
 "gene_set_to_genes": {
  "GO_B_CELL_MEDIATED_IMMUNITY": [
   "BCL6",
   "C1QA",
   "C1R",
   "CD46",
   "CD74",
   "CD81",
   "HSPD1",
   "IL4R",
   "STAT6",
   "SUPT6H"
  ],
  "GO_B_CELL_DIFFERENTIATION": [
   "BCL6",
   "IRF2BP2",
   "KLF6",
   "LGALS1",
   "MMP14",
   "NOTCH2",
   "PRKDC",
   "XBP1",
   "ZBTB7A",
   "ZFP36L1",
   "ZFP36L2"
  ],
  "GO_B_CELL_ACTIVATION": [
   "BCL6",
   "CD74",
   "CD81",
   "HSPD1",
   "IRF2BP2",
   "KLF6",
   "LGALS1",
   "MMP14",
   "NOTCH2",
   "PRKDC",
   "STAT6",
   "XBP1",
   "ZBTB7A",
   "ZFP36L1",
   "ZFP36L2"
  ],
  "GO_REGULATION_OF_B_CELL_ACTIVATION": [
   "BCL6",
   "CD74",
   "CD81",
   "MMP14",
   "STAT6",
   "SUPT6H",
   "XBP1",
   "ZFP36L1",
   "ZFP36L2"
  ],
  "GO_POSITIVE_REGULATION_OF_B_CELL_ACTIVATION": [
   "BCL6",
   "CD74",
   "CD81",
   "MMP14",
   "STAT6",
   "XBP1"
  ],
  "GO_B_CELL_ACTIVATION_INVOLVED_IN_IMMUNE_RESPONSE": [
   "BCL6",
   "HSPD1",
   "LGALS1",
   "NOTCH2",
   "STAT6",
   "SUPT6H",
   "XBP1"
  ]
 },
 "gene_set_to_pval": {
  "GO_B_CELL_MEDIATED_IMMUNITY": 1.0,
  "GO_B_CELL_DIFFERENTIATION": 0.08888888888888889,
  "GO_B_CELL_ACTIVATION": 0.03189792663476874,
  "GO_REGULATION_OF_B_CELL_ACTIVATION": 0.4444444444444444,
  "GO_POSITIVE_REGULATION_OF_B_CELL_ACTIVATION": 0.4166666666666667,
  "GO_B_CELL_ACTIVATION_INVOLVED_IN_IMMUNE_RESPONSE": 0.4878048780487805
 },
 "gene_set_to_pairwise_pvals": {
  "GO_B_CELL_ACTIVATION": {
   "BCL6,CD74": 0.26666666666666666,
   "BCL6,CD81": 0.5128205128205128,
   "BCL6,HSPD1": 0.145985401459854,
   "BCL6,IRF2BP2": 1.0,
   "BCL6,KLF6": 0.5405405405405406,
   "BCL6,LGALS1": 0.4,
   "BCL6,MMP14": 0.36363636363636365,
   "BCL6,NOTCH2": 0.19607843137254902,
   "BCL6,PRKDC": 0.9523809523809523,
   "BCL6,STAT6": 0.1388888888888889,
   "BCL6,XBP1": 0.5882352941176471,
   "BCL6,ZBTB7A": 0.9523809523809523,
   "BCL6,ZFP36L1": 0.9523809523809523,
   "BCL6,ZFP36L2": 0.625,
   "CD74,CD81": 0.24691358024691357,
   "CD74,HSPD1": 0.8333333333333334,
   "CD74,IRF2BP2": 0.7692307692307693,
   "CD74,KLF6": 0.9523809523809523,
   "CD74,LGALS1": 0.14925373134328357,
   "CD74,MMP14": 0.8,
   "CD74,NOTCH2": 0.8333333333333334,
   "CD74,PRKDC": 0.23529411764705882,
   "CD74,STAT6": 0.22988505747126436,
   "CD74,XBP1": 0.23529411764705882,
   "CD74,ZBTB7A": 0.6451612903225806,
   "CD74,ZFP36L1": 0.9523809523809523,
   "CD74,ZFP36L2": 0.09433962264150944,
   "CD81,HSPD1": 0.7692307692307693,
   "CD81,IRF2BP2": 0.3333333333333333,
   "CD81,KLF6": 0.7407407407407407,
   "CD81,LGALS1": 0.09950248756218906,
   "CD81,MMP14": 0.136986301369863,
   "CD81,NOTCH2": 0.20618556701030927,
   "CD81,PRKDC": 0.4878048780487805,
   "CD81,STAT6": 0.425531914893617,
   "CD81,XBP1": 0.31746031746031744,
   "CD81,ZBTB7A": 0.3333333333333333,
   "CD81,ZFP36L1": 0.21978021978021978,
   "CD81,ZFP36L2": 0.03134796238244514,
   "HSPD1,IRF2BP2": 0.05089058524173028,
   "HSPD1,KLF6": 0.7692307692307693,
   "HSPD1,LGALS1": 0.35714285714285715,
   "HSPD1,MMP14": 0.2,
   "HSPD1,NOTCH2": 0.10471204188481675,
   "HSPD1,PRKDC": 0.05012531328320802,
   "HSPD1,STAT6": 1.0,
   "HSPD1,XBP1": 0.9523809523809523,
   "HSPD1,ZBTB7A": 1.0,
   "HSPD1,ZFP36L1": 0.625,
   "HSPD1,ZFP36L2": 0.23809523809523808,
   "IRF2BP2,KLF6": 0.4444444444444444,
   "IRF2BP2,LGALS1": 0.9090909090909091,
   "IRF2BP2,MMP14": 0.17094017094017094,
   "IRF2BP2,NOTCH2": 0.1941747572815534,
   "IRF2BP2,PRKDC": 1.0,
   "IRF2BP2,STAT6": 0.9090909090909091,
   "IRF2BP2,XBP1": 0.7142857142857143,
   "IRF2BP2,ZBTB7A": 0.10204081632653061,
   "IRF2BP2,ZFP36L1": 0.09216589861751152,
   "IRF2BP2,ZFP36L2": 0.7692307692307693,
   "KLF6,LGALS1": 1.0,
   "KLF6,MMP14": 0.29850746268656714,
   "KLF6,NOTCH2": 0.5555555555555556,
   "KLF6,PRKDC": 0.09174311926605505,
   "KLF6,STAT6": 0.18181818181818182,
   "KLF6,XBP1": 0.8695652173913043,
   "KLF6,ZBTB7A": 0.6666666666666666,
   "KLF6,ZFP36L1": 0.7692307692307693,
   "KLF6,ZFP36L2": 0.6451612903225806,
   "LGALS1,MMP14": 0.7407407407407407,
   "LGALS1,NOTCH2": 0.8,
   "LGALS1,PRKDC": 0.5555555555555556,
   "LGALS1,STAT6": 0.9090909090909091,
   "LGALS1,XBP1": 0.12738853503184713,
   "LGALS1,ZBTB7A": 0.7692307692307693,
   "LGALS1,ZFP36L1": 0.8,
   "LGALS1,ZFP36L2": 0.8,
   "MMP14,NOTCH2": 0.46511627906976744,
   "MMP14,PRKDC": 0.6451612903225806,
   "MMP14,STAT6": 0.3448275862068966,
   "MMP14,XBP1": 0.9090909090909091,
   "MMP14,ZBTB7A": 0.07518796992481203,
   "MMP14,ZFP36L1": 0.2898550724637681,
   "MMP14,ZFP36L2": 0.08658008658008658,
   "NOTCH2,PRKDC": 0.32786885245901637,
   "NOTCH2,STAT6": 0.9523809523809523,
   "NOTCH2,XBP1": 0.7407407407407407,
   "NOTCH2,ZBTB7A": 0.6896551724137931,
   "NOTCH2,ZFP36L1": 0.045871559633027525,
   "NOTCH2,ZFP36L2": 0.3333333333333333,
   "PRKDC,STAT6": 0.5128205128205128,
   "PRKDC,XBP1": 0.35714285714285715,
   "PRKDC,ZBTB7A": 0.7407407407407407,
   "PRKDC,ZFP36L1": 0.23255813953488372,
   "PRKDC,ZFP36L2": 0.008,
   "STAT6,XBP1": 0.4,
   "STAT6,ZBTB7A": 1.0,
   "STAT6,ZFP36L1": 0.625,
   "STAT6,ZFP36L2": 0.5128205128205128,
   "XBP1,ZBTB7A": 0.5405405405405406,
   "XBP1,ZFP36L1": 0.40816326530612246,
   "XBP1,ZFP36L2": 0.15625,
   "ZBTB7A,ZFP36L1": 0.6666666666666666,
   "ZBTB7A,ZFP36L2": 0.7407407407407407,
   "ZFP36L1,ZFP36L2": 0.20618556701030927
  }
 },
 "gene_set_to_keep_clusts": {
  "GO_B_CELL_MEDIATED_IMMUNITY": [
   3,
   4,
   5,
   6,
   7,
   8,
   9,
   11
  ],
  "GO_B_CELL_DIFFERENTIATION": [
   3,
   4,
   5,
   6,
   7,
   8,
   9,
   11
  ],
  "GO_B_CELL_ACTIVATION": [
   3,
   4,
   5,
   6,
   7,
   8,
   9,
   11
  ],
  "GO_REGULATION_OF_B_CELL_ACTIVATION": [
   3,
   4,
   5,
   6,
   7,
   8,
   9,
   11
  ],
  "GO_POSITIVE_REGULATION_OF_B_CELL_ACTIVATION": [
   3,
   4,
   5,
   6,
   7,
   8,
   9,
   11
  ],
  "GO_B_CELL_ACTIVATION_INVOLVED_IN_IMMUNE_RESPONSE": [
   3,
   4,
   5,
   7,
   8,
   9,
   11
  ]
 }
}