{
 "gene_set_to_genes": {
  "GO_B_CELL_MEDIATED_IMMUNITY": [
   "BCL6",
   "C1QA",
   "C1R",
   "CD46",
   "CD74",
   "CD81",
   "HSPD1",
   "IL4R",
   "STAT6",
   "SUPT6H"
  ],
  "GO_B_CELL_DIFFERENTIATION": [
   "BCL6",
   "IRF2BP2",
   "KLF6",
   "LGALS1",
   "MMP14",
   "NOTCH2",
   "PRKDC",
   "XBP1",
   "ZBTB7A",
   "ZFP36L1",
   "ZFP36L2"
  ],
  "GO_B_CELL_ACTIVATION": [
   "BCL6",
   "CD74",
   "CD81",
   "HSPD1",
   "IRF2BP2",
   "KLF6",
   "LGALS1",
   "MMP14",
   "NOTCH2",
   "PRKDC",
   "STAT6",
   "XBP1",
   "ZBTB7A",
   "ZFP36L1",
   "ZFP36L2"
  ],
  "GO_REGULATION_OF_B_CELL_ACTIVATION": [
   "BCL6",
   "CD74",
   "CD81",
   "MMP14",
   "STAT6",
   "SUPT6H",
   "XBP1",
   "ZFP36L1",
   "ZFP36L2"
  ],
  "GO_POSITIVE_REGULATION_OF_B_CELL_ACTIVATION": [
   "BCL6",
   "CD74",
   "CD81",
   "MMP14",
   "STAT6",
   "XBP1"
  ],
  "GO_B_CELL_ACTIVATION_INVOLVED_IN_IMMUNE_RESPONSE": [
   "BCL6",
   "HSPD1",
   "LGALS1",
   "NOTCH2",
   "STAT6",
   "SUPT6H",
   "XBP1"
  ]
 },
 "gene_set_to_pval": {
  "GO_B_CELL_MEDIATED_IMMUNITY": 0.9090909090909091,
  "GO_B_CELL_DIFFERENTIATION": 0.45454545454545453,
  "GO_B_CELL_ACTIVATION": 0.47619047619047616,
  "GO_REGULATION_OF_B_CELL_ACTIVATION": 0.10362694300518134,
  "GO_POSITIVE_REGULATION_OF_B_CELL_ACTIVATION": 0.12658227848101267,
  "GO_B_CELL_ACTIVATION_INVOLVED_IN_IMMUNE_RESPONSE": 0.30303030303030304
 },
 "gene_set_to_cluster_to_pval": {
  "GO_B_CELL_MEDIATED_IMMUNITY": {
   "6": 0.9565217391304348,
   "8": 0.7391304347826086,
   "4": 0.9130434782608695,
   "9": 0.9130434782608695,
   "3": 0.30434782608695654,
   "11": 0.6521739130434783,
   "5": 0.21739130434782608,
   "7": 0.6086956521739131
  },
  "GO_B_CELL_DIFFERENTIATION": {
   "6": 0.17777777777777778,
   "8": 0.4,
   "4": 0.6222222222222222,
   "9": 0.5111111111111111,
   "3": 0.4666666666666667,
   "11": 0.6,
   "5": 0.5777777777777777,
   "7": 0.6888888888888889
  },
  "GO_B_CELL_ACTIVATION": {
   "6": 0.3488372093023256,
   "8": 0.046511627906976744,
   "4": 1.0,
   "9": 0.6976744186046512,
   "3": 0.18604651162790697,
   "11": 0.8604651162790697,
   "5": 0.4418604651162791,
   "7": 0.4418604651162791
  },
  "GO_REGULATION_OF_B_CELL_ACTIVATION": {
   "6": 0.30927835051546393,
   "8": 0.5360824742268041,
   "4": 0.7731958762886598,
   "9": 0.5927835051546392,
   "3": 0.29896907216494845,
   "11": 0.05670103092783505,
   "5": 0.09278350515463918,
   "7": 0.28350515463917525
  },
  "GO_POSITIVE_REGULATION_OF_B_CELL_ACTIVATION": {
   "6": 0.1761006289308176,
   "8": 0.6540880503144654,
   "4": 0.8238993710691824,
   "9": 0.6477987421383647,
   "3": 0.4591194968553459,
   "11": 0.0440251572327044,
   "5": 0.20125786163522014,
   "7": 0.32075471698113206
  },
  "GO_B_CELL_ACTIVATION_INVOLVED_IN_IMMUNE_RESPONSE": {
   "6": 0.029850746268656716,
   "8": 0.3582089552238806,
   "4": 0.3880597014925373,
   "9": 0.5074626865671642,
   "3": 0.6567164179104478,
   "11": 0.8656716417910447,
   "5": 0.34328358208955223,
   "7": 0.9253731343283582
  }
 },
 "gene_set_to_pairwise_pvals": {},
 "gene_set_to_pairwise_clust_to_pval": {}
}