{
 "gene_set_to_genes": {
  "GO_CELL_DIVISION": [
   "ACTR2",
   "CALM1",
   "CDC42",
   "CFL1",
   "ENSA",
   "HNRNPU",
   "MYH9",
   "PPP1CA",
   "RACK1",
   "RAN",
   "RHOA",
   "RPS3",
   "SFN",
   "SON",
   "ZFP36L2"
  ],
  "GO_POSITIVE_REGULATION_OF_CELL_DIVISION": [
   "CDC25B",
   "CDC42",
   "GIPC1",
   "RHOA",
   "VEGFA",
   "YBX1"
  ],
  "GO_REGULATION_OF_CELL_DIVISION": [
   "C10orf99",
   "CALM1",
   "CALM2",
   "CDC25B",
   "CDC42",
   "CIB1",
   "GIPC1",
   "PRPF40A",
   "RAB11A",
   "RACK1",
   "RHOA",
   "SFN",
   "TP63",
   "TXNIP",
   "YBX1"
  ]
 },
 "gene_set_to_pval": {
  "GO_CELL_DIVISION": 0.19230769230769232,
  "GO_POSITIVE_REGULATION_OF_CELL_DIVISION": 0.4166666666666667,
  "GO_REGULATION_OF_CELL_DIVISION": 0.7692307692307693
 },
 "gene_set_to_cluster_to_pval": {
  "GO_CELL_DIVISION": {
   "6": 0.1523809523809524,
   "8": 0.21904761904761905,
   "4": 0.7619047619047619,
   "9": 0.6285714285714286,
   "3": 0.3238095238095238,
   "11": 0.10476190476190476,
   "5": 0.638095238095238,
   "7": 0.2571428571428571
  },
  "GO_POSITIVE_REGULATION_OF_CELL_DIVISION": {
   "6": 0.42857142857142855,
   "8": 0.3877551020408163,
   "4": 0.6122448979591837,
   "9": 0.7346938775510204,
   "3": 0.9387755102040817,
   "11": 0.4489795918367347,
   "5": 0.10204081632653061,
   "7": 0.46938775510204084
  },
  "GO_REGULATION_OF_CELL_DIVISION": {
   "6": 0.2962962962962963,
   "8": 0.2962962962962963,
   "4": 0.8888888888888888,
   "9": 0.9259259259259259,
   "3": 0.8148148148148148,
   "11": 0.25925925925925924,
   "5": 0.5185185185185185,
   "7": 0.8148148148148148
  }
 },
 "gene_set_to_pairwise_pvals": {},
 "gene_set_to_pairwise_clust_to_pval": {}
}