{
 "gene_set_to_genes": {
  "GO_POSITIVE_REGULATION_OF_DNA_REPLICATION": [
   "CDC42",
   "EGFR",
   "HRAS",
   "RAC1",
   "STOML2"
  ],
  "GO_DNA_DEPENDENT_DNA_REPLICATION": [
   "BAZ1A",
   "BCL6",
   "HMGA1",
   "MCM7",
   "NUCKS1",
   "POLD2",
   "POLE4",
   "SSBP1",
   "STOML2",
   "WDR18"
  ],
  "GO_POSTREPLICATION_REPAIR": [
   "FAAP20",
   "NPLOC4",
   "POLD2",
   "RPS27A",
   "UBA52",
   "UBB",
   "UBC",
   "UBE2N",
   "VCP"
  ],
  "GO_REGULATION_OF_DNA_REPLICATION": [
   "ANKRD17",
   "BCL6",
   "CDC42",
   "EGFR",
   "HRAS",
   "NUCKS1",
   "PPP2CA",
   "PPP2R1A",
   "RAC1",
   "RBBP6",
   "S100A11",
   "STOML2",
   "WDR18"
  ],
  "GO_DNA_REPLICATION": [
   "BAZ1A",
   "BCL6",
   "CDC42",
   "HMGA1",
   "NAP1L1",
   "NFIC",
   "NUCKS1",
   "POLD2",
   "PPP2CA",
   "PPP2R1A",
   "PTMS",
   "RAC1",
   "S100A11",
   "SET",
   "SSRP1"
  ]
 },
 "gene_set_to_pval": {
  "GO_POSITIVE_REGULATION_OF_DNA_REPLICATION": 0.5,
  "GO_DNA_DEPENDENT_DNA_REPLICATION": 0.8,
  "GO_POSTREPLICATION_REPAIR": 0.005635390250774866,
  "GO_REGULATION_OF_DNA_REPLICATION": 0.6666666666666666,
  "GO_DNA_REPLICATION": 0.8333333333333334
 },
 "gene_set_to_cluster_to_pval": {
  "GO_POSITIVE_REGULATION_OF_DNA_REPLICATION": {
   "6": 0.7073170731707317,
   "8": 0.07317073170731707,
   "4": 0.07317073170731707,
   "9": 0.9024390243902439,
   "3": 0.9512195121951219,
   "11": 0.21951219512195122,
   "5": 0.12195121951219512,
   "7": 1.0
  },
  "GO_DNA_DEPENDENT_DNA_REPLICATION": {
   "6": 0.11538461538461539,
   "8": 1.0,
   "4": 0.7692307692307693,
   "9": 0.8846153846153846,
   "3": 0.23076923076923078,
   "11": 0.34615384615384615,
   "5": 0.8076923076923077,
   "7": 0.9230769230769231
  },
  "GO_POSTREPLICATION_REPAIR": {
   "6": 0.13183098591549297,
   "8": 0.6369014084507042,
   "4": 0.10140845070422536,
   "9": 0.04676056338028169,
   "3": 0.2583098591549296,
   "11": 0.02028169014084507,
   "5": 0.40225352112676055,
   "7": 0.15943661971830986
  },
  "GO_REGULATION_OF_DNA_REPLICATION": {
   "6": 0.4838709677419355,
   "8": 0.967741935483871,
   "4": 0.16129032258064516,
   "9": 0.4838709677419355,
   "3": 0.8064516129032258,
   "11": 0.4838709677419355,
   "5": 0.1935483870967742,
   "7": 0.8709677419354839
  },
  "GO_DNA_REPLICATION": {
   "6": 0.84,
   "8": 0.56,
   "4": 0.4,
   "9": 0.24,
   "3": 0.36,
   "11": 0.64,
   "5": 0.8,
   "7": 0.56
  }
 },
 "gene_set_to_pairwise_pvals": {
  "GO_POSTREPLICATION_REPAIR": {
   "FAAP20,NPLOC4": 0.22727272727272727,
   "FAAP20,POLD2": 0.29850746268656714,
   "FAAP20,RPS27A": 0.625,
   "FAAP20,UBA52": 0.4,
   "FAAP20,UBB": 0.43478260869565216,
   "FAAP20,UBC": 0.6060606060606061,
   "FAAP20,UBE2N": 0.11904761904761904,
   "FAAP20,VCP": 0.013,
   "NPLOC4,POLD2": 0.136986301369863,
   "NPLOC4,RPS27A": 0.2702702702702703,
   "NPLOC4,UBA52": 0.17391304347826086,
   "NPLOC4,UBB": 0.029542097488921712,
   "NPLOC4,UBC": 0.3125,
   "NPLOC4,UBE2N": 0.46511627906976744,
   "NPLOC4,VCP": 0.3389830508474576,
   "POLD2,RPS27A": 0.041237113402061855,
   "POLD2,UBA52": 0.9523809523809523,
   "POLD2,UBB": 0.3389830508474576,
   "POLD2,UBC": 0.5,
   "POLD2,UBE2N": 0.5882352941176471,
   "POLD2,VCP": 0.20202020202020202,
   "RPS27A,UBA52": 0.17094017094017094,
   "RPS27A,UBB": 0.3125,
   "RPS27A,UBC": 0.12422360248447205,
   "RPS27A,UBE2N": 0.4444444444444444,
   "RPS27A,VCP": 0.003,
   "UBA52,UBB": 0.5263157894736842,
   "UBA52,UBC": 0.9523809523809523,
   "UBA52,UBE2N": 0.625,
   "UBA52,VCP": 0.3076923076923077,
   "UBB,UBC": 0.4444444444444444,
   "UBB,UBE2N": 0.7142857142857143,
   "UBB,VCP": 1.0,
   "UBC,UBE2N": 0.3333333333333333,
   "UBC,VCP": 0.8695652173913043,
   "UBE2N,VCP": 0.8695652173913043
  }
 },
 "gene_set_to_pairwise_clust_to_pval": {
  "GO_POSTREPLICATION_REPAIR": {
   "FAAP20,NPLOC4": {
    "6": 0.7303370786516854,
    "8": 0.11235955056179775,
    "4": 0.43820224719101125,
    "9": 0.8314606741573034,
    "3": 0.43820224719101125,
    "11": 0.02247191011235955,
    "5": 0.25842696629213485,
    "7": 0.7865168539325843
   },
   "FAAP20,POLD2": {
    "6": 0.9705882352941176,
    "8": 0.45588235294117646,
    "4": 0.10294117647058823,
    "9": 0.5147058823529411,
    "3": 0.8970588235294118,
    "11": 0.014705882352941176,
    "5": 0.5,
    "7": 0.058823529411764705
   },
   "FAAP20,RPS27A": {
    "6": 0.7878787878787878,
    "8": 0.30303030303030304,
    "4": 0.36363636363636365,
    "9": 0.36363636363636365,
    "3": 0.6060606060606061,
    "11": 0.2727272727272727,
    "5": 0.18181818181818182,
    "7": 0.45454545454545453
   },
   "FAAP20,UBA52": {
    "6": 0.43137254901960786,
    "8": 0.39215686274509803,
    "4": 0.49019607843137253,
    "9": 0.7058823529411765,
    "3": 0.39215686274509803,
    "11": 0.7254901960784313,
    "5": 0.1568627450980392,
    "7": 0.5294117647058824
   },
   "FAAP20,UBB": {
    "6": 0.6382978723404256,
    "8": 0.8723404255319149,
    "4": 0.5531914893617021,
    "9": 0.5957446808510638,
    "3": 0.10638297872340426,
    "11": 0.723404255319149,
    "5": 0.40425531914893614,
    "7": 0.2127659574468085
   },
   "FAAP20,UBC": {
    "6": 0.29411764705882354,
    "8": 0.8823529411764706,
    "4": 0.11764705882352941,
    "9": 0.058823529411764705,
    "3": 0.5882352941176471,
    "11": 0.9117647058823529,
    "5": 0.9705882352941176,
    "7": 0.9705882352941176
   },
   "FAAP20,UBE2N": {
    "6": 0.28402366863905326,
    "8": 0.591715976331361,
    "4": 0.21301775147928995,
    "9": 0.7810650887573964,
    "3": 0.17751479289940827,
    "11": 0.27218934911242604,
    "5": 0.05325443786982249,
    "7": 0.27218934911242604
   },
   "FAAP20,VCP": {
    "6": 0.007,
    "8": 0.091,
    "4": 0.683,
    "9": 0.264,
    "3": 0.408,
    "11": 0.828,
    "5": 0.181,
    "7": 0.098
   },
   "NPLOC4,POLD2": {
    "6": 0.20408163265306123,
    "8": 0.19727891156462585,
    "4": 0.7551020408163265,
    "9": 0.6190476190476191,
    "3": 0.3469387755102041,
    "11": 0.006802721088435374,
    "5": 0.8571428571428571,
    "7": 0.2857142857142857
   },
   "NPLOC4,RPS27A": {
    "6": 0.38666666666666666,
    "8": 0.64,
    "4": 0.5066666666666667,
    "9": 0.68,
    "3": 0.10666666666666667,
    "11": 0.8266666666666667,
    "5": 0.05333333333333334,
    "7": 0.84
   },
   "NPLOC4,UBA52": {
    "6": 0.6810344827586207,
    "8": 0.5172413793103449,
    "4": 0.02586206896551724,
    "9": 0.07758620689655173,
    "3": 0.7241379310344828,
    "11": 0.19827586206896552,
    "5": 0.16379310344827586,
    "7": 0.9741379310344828
   },
   "NPLOC4,UBB": {
    "6": 0.030973451327433628,
    "8": 0.7802359882005899,
    "4": 0.6696165191740413,
    "9": 0.0943952802359882,
    "3": 0.6430678466076696,
    "11": 0.42920353982300885,
    "5": 0.2890855457227139,
    "7": 0.028023598820058997
   },
   "NPLOC4,UBC": {
    "6": 0.2,
    "8": 0.5076923076923077,
    "4": 0.6307692307692307,
    "9": 0.4307692307692308,
    "3": 0.2153846153846154,
    "11": 0.3230769230769231,
    "5": 0.36923076923076925,
    "7": 0.8461538461538461
   },
   "NPLOC4,UBE2N": {
    "6": 0.8181818181818182,
    "8": 0.6136363636363636,
    "4": 0.18181818181818182,
    "9": 0.9318181818181818,
    "3": 0.4772727272727273,
    "11": 0.09090909090909091,
    "5": 0.13636363636363635,
    "7": 0.3409090909090909
   },
   "NPLOC4,VCP": {
    "6": 0.21666666666666667,
    "8": 0.8333333333333334,
    "4": 0.5166666666666667,
    "9": 0.08333333333333333,
    "3": 1.0,
    "11": 0.65,
    "5": 0.48333333333333334,
    "7": 0.11666666666666667
   },
   "POLD2,RPS27A": {
    "6": 0.006172839506172839,
    "8": 0.6893004115226338,
    "4": 0.05555555555555555,
    "9": 0.07407407407407407,
    "3": 0.9629629629629629,
    "11": 0.6893004115226338,
    "5": 0.6399176954732511,
    "7": 0.12551440329218108
   },
   "POLD2,UBA52": {
    "6": 0.9090909090909091,
    "8": 0.09090909090909091,
    "4": 0.7272727272727273,
    "9": 0.4090909090909091,
    "3": 0.7272727272727273,
    "11": 0.5,
    "5": 0.9090909090909091,
    "7": 0.36363636363636365
   },