{
 "gene_set_to_genes": {
  "GO_REGULATION_OF_DNA_REPAIR": [
   "ACTR2",
   "EGFR",
   "FUS",
   "HMGB1",
   "OTUB1",
   "PPP4C",
   "PRKDC",
   "RPS3",
   "TRIM28",
   "TRIP12",
   "UBE2N"
  ],
  "GO_DNA_REPAIR": [
   "ACTR2",
   "CSNK1E",
   "HMGA1",
   "NPM1",
   "POLR2L",
   "RPS27A",
   "RPS3",
   "SFPQ",
   "STUB1",
   "UBA52",
   "UBB",
   "UBC",
   "UBE2D3",
   "VCP",
   "ZBTB7A"
  ],
  "GO_POSITIVE_REGULATION_OF_DNA_REPAIR": [
   "ACTR2",
   "EGFR",
   "FUS",
   "HMGB1",
   "PRKDC",
   "RPS3",
   "TRIM28",
   "UBE2N"
  ],
  "GO_DNA_SYNTHESIS_INVOLVED_IN_DNA_REPAIR": [
   "FAAP20",
   "NPLOC4",
   "POLD2",
   "RPS27A",
   "UBA52",
   "UBB",
   "UBC",
   "VCP"
  ]
 },
 "gene_set_to_pval": {
  "GO_REGULATION_OF_DNA_REPAIR": 0.9090909090909091,
  "GO_DNA_REPAIR": 0.6451612903225806,
  "GO_POSITIVE_REGULATION_OF_DNA_REPAIR": 0.9523809523809523,
  "GO_DNA_SYNTHESIS_INVOLVED_IN_DNA_REPAIR": 0.0033967391304347825
 },
 "gene_set_to_cluster_to_pval": {
  "GO_REGULATION_OF_DNA_REPAIR": {
   "6": 0.5217391304347826,
   "8": 0.6956521739130435,
   "4": 0.13043478260869565,
   "9": 0.9130434782608695,
   "3": 0.5652173913043478,
   "11": 0.43478260869565216,
   "5": 0.9565217391304348,
   "7": 0.4782608695652174
  },
  "GO_DNA_REPAIR": {
   "6": 0.9375,
   "8": 0.34375,
   "4": 0.375,
   "9": 0.46875,
   "3": 0.875,
   "11": 0.53125,
   "5": 0.28125,
   "7": 0.15625
  },
  "GO_POSITIVE_REGULATION_OF_DNA_REPAIR": {
   "6": 0.5454545454545454,
   "8": 0.8636363636363636,
   "4": 0.6363636363636364,
   "9": 1.0,
   "3": 0.6818181818181818,
   "11": 0.4090909090909091,
   "5": 0.9090909090909091,
   "7": 0.7272727272727273
  },
  "GO_DNA_SYNTHESIS_INVOLVED_IN_DNA_REPAIR": {
   "6": 0.08167770419426049,
   "8": 0.5158770589234165,
   "4": 0.12854474443878416,
   "9": 0.14535574800475462,
   "3": 0.48531159789437933,
   "11": 0.014603498047206656,
   "5": 0.1597894379351333,
   "7": 0.22856172525046697
  }
 },
 "gene_set_to_pairwise_pvals": {
  "GO_DNA_SYNTHESIS_INVOLVED_IN_DNA_REPAIR": {
   "FAAP20,NPLOC4": 0.21978021978021978,
   "FAAP20,POLD2": 0.2631578947368421,
   "FAAP20,RPS27A": 0.8,
   "FAAP20,UBA52": 0.35714285714285715,
   "FAAP20,UBB": 0.4878048780487805,
   "FAAP20,UBC": 0.43478260869565216,
   "FAAP20,VCP": 0.01,
   "NPLOC4,POLD2": 0.12195121951219512,
   "NPLOC4,RPS27A": 0.14184397163120568,
   "NPLOC4,UBA52": 0.2597402597402597,
   "NPLOC4,UBB": 0.027285129604365622,
   "NPLOC4,UBC": 0.3225806451612903,
   "NPLOC4,VCP": 0.2597402597402597,
   "POLD2,RPS27A": 0.040983606557377046,
   "POLD2,UBA52": 0.9090909090909091,
   "POLD2,UBB": 0.5555555555555556,
   "POLD2,UBC": 0.8,
   "POLD2,VCP": 0.20202020202020202,
   "RPS27A,UBA52": 0.16666666666666666,
   "RPS27A,UBB": 0.4878048780487805,
   "RPS27A,UBC": 0.12903225806451613,
   "RPS27A,VCP": 0.003,
   "UBA52,UBB": 0.6060606060606061,
   "UBA52,UBC": 0.8333333333333334,
   "UBA52,VCP": 0.4,
   "UBB,UBC": 0.5128205128205128,
   "UBB,VCP": 1.0,
   "UBC,VCP": 0.8695652173913043
  }
 },
 "gene_set_to_pairwise_clust_to_pval": {
  "GO_DNA_SYNTHESIS_INVOLVED_IN_DNA_REPAIR": {
   "FAAP20,NPLOC4": {
    "6": 0.5760869565217391,
    "8": 0.09782608695652174,
    "4": 0.43478260869565216,
    "9": 0.8043478260869565,
    "3": 0.391304347826087,
    "11": 0.010869565217391304,
    "5": 0.21739130434782608,
    "7": 0.6956521739130435
   },
   "FAAP20,POLD2": {
    "6": 0.961038961038961,
    "8": 0.6233766233766234,
    "4": 0.1038961038961039,
    "9": 0.44155844155844154,
    "3": 0.8831168831168831,
    "11": 0.012987012987012988,
    "5": 0.5974025974025974,
    "7": 0.03896103896103896
   },
   "FAAP20,RPS27A": {
    "6": 0.7692307692307693,
    "8": 0.23076923076923078,
    "4": 0.6923076923076923,
    "9": 0.4230769230769231,
    "3": 0.6538461538461539,
    "11": 0.34615384615384615,
    "5": 0.23076923076923078,
    "7": 0.7307692307692307
   },
   "FAAP20,UBA52": {
    "6": 0.5263157894736842,
    "8": 0.22807017543859648,
    "4": 0.43859649122807015,
    "9": 0.7192982456140351,
    "3": 0.3508771929824561,
    "11": 0.543859649122807,
    "5": 0.12280701754385964,
    "7": 0.543859649122807
   },
   "FAAP20,UBB": {
    "6": 0.5952380952380952,
    "8": 1.0,
    "4": 0.5952380952380952,
    "9": 0.47619047619047616,
    "3": 0.11904761904761904,
    "11": 0.8809523809523809,
    "5": 0.35714285714285715,
    "7": 0.30952380952380953
   },
   "FAAP20,UBC": {
    "6": 0.19148936170212766,
    "8": 0.7446808510638298,
    "4": 0.2553191489361702,
    "9": 0.0851063829787234,
    "3": 0.44680851063829785,
    "11": 0.8936170212765957,
    "5": 0.8936170212765957,
    "7": 0.9787234042553191
   },
   "FAAP20,VCP": {
    "6": 0.006,
    "8": 0.095,
    "4": 0.707,
    "9": 0.293,
    "3": 0.404,
    "11": 0.825,
    "5": 0.183,
    "7": 0.088
   },
   "NPLOC4,POLD2": {
    "6": 0.14545454545454545,
    "8": 0.2,
    "4": 0.7636363636363637,
    "9": 0.6606060606060606,
    "3": 0.3212121212121212,
    "11": 0.006060606060606061,
    "5": 0.8242424242424242,
    "7": 0.4121212121212121
   },
   "NPLOC4,RPS27A": {
    "6": 0.4014084507042254,
    "8": 0.5633802816901409,
    "4": 0.5633802816901409,
    "9": 0.704225352112676,
    "3": 0.04225352112676056,
    "11": 0.7323943661971831,
    "5": 0.014084507042253521,
    "7": 0.852112676056338
   },
   "NPLOC4,UBA52": {
    "6": 0.6794871794871795,
    "8": 0.5769230769230769,
    "4": 0.02564102564102564,
    "9": 0.15384615384615385,
    "3": 0.6794871794871795,
    "11": 0.24358974358974358,
    "5": 0.15384615384615385,
    "7": 0.9871794871794872
   },
   "NPLOC4,UBB": {
    "6": 0.027247956403269755,
    "8": 0.7602179836512262,
    "4": 0.7125340599455041,
    "9": 0.08583106267029973,
    "3": 0.6348773841961853,
    "11": 0.43460490463215257,
    "5": 0.27111716621253407,
    "7": 0.02316076294277929
   },
   "NPLOC4,UBC": {
    "6": 0.23809523809523808,
    "8": 0.4603174603174603,
    "4": 0.7142857142857143,
    "9": 0.3333333333333333,
    "3": 0.1746031746031746,
    "11": 0.30158730158730157,
    "5": 0.38095238095238093,
    "7": 0.8571428571428571
   },
   "NPLOC4,VCP": {
    "6": 0.28205128205128205,
    "8": 0.7948717948717948,
    "4": 0.5256410256410257,
    "9": 0.1282051282051282,
    "3": 0.9743589743589743,
    "11": 0.6666666666666666,
    "5": 0.3717948717948718,
    "7": 0.08974358974358974
   },
   "POLD2,RPS27A": {
    "6": 0.014314928425357873,
    "8": 0.6830265848670757,
    "4": 0.05930470347648262,
    "9": 0.08384458077709611,
    "3": 0.9570552147239264,
    "11": 0.6789366053169734,
    "5": 0.6339468302658486,
    "7": 0.11860940695296524
   },
   "POLD2,UBA52": {
    "6": 0.8695652173913043,
    "8": 0.21739130434782608,
    "4": 0.6956521739130435,
    "9": 0.30434782608695654,
    "3": 0.5652173913043478,
    "11": 0.6956521739130435,
    "5": 0.8260869565217391,
    "7": 0.43478260869565216
   },
   "POLD2,UBB": {
    "6": 0.5135135135135135,
    "8": 0.3783783783783784,
    "4": 0.8108108108108109,
    "9": 0.16216216216216217,
    "3": 0.21621621621621623,
    "11": 0.02702702702702703,
    "5": 0.8648648648648649,
    "7": 0.5135135135135135
   },
   "POLD2,UBC": {
    "6": 0.6538461538461539,
    "8": 0.7307692307692307,
    "4": 0.9615384615384616,
    "9": 0.6153846153846154,
    "3": 0.8846153846153846,
    "11": 0.5769230769230769,
    "5": 0.11538461538461539,
    "7": 0.5769230769230769
   },
   "POLD2,VCP": {
    "6": 0.2,
    "8": 0.96,
    "4": 0.14,
    "9": 0.1,
    "3": 0.98,
    "11": 0.2,
    "5": 0.6,
    "7": 0.21
   },
   "RPS27A,UBA52": {
    "6": 0.3305785123966942,
    "8": 0.5537190082644629,
    "4": 0.6115702479338843,
    "9": 0.01652892561983471,
    "3": 0.2066115702479339,
    "11": 0.4132231404958678,
    "5": 0.7107438016528925,
    "7": 0.1487603305785124
   },
   "RPS27A,UBB": {
    "6": 0.7619047619047619,
    "8": 0.8095238095238095,
    "4": 0.40476190476190477,
    "9": 0.47619047619047616,
    "3": 1.0,
    "11": 0.23809523809523808,
    "5": 0.047619047619047616,