{
 "gene_set_to_genes": {
  "GO_REGULATION_OF_EPIDERMIS_DEVELOPMENT": [
   "AQP3",
   "CDH3",
   "CDSN",
   "CTNNB1",
   "CTSL",
   "ESRP1",
   "KRT10",
   "KRT17",
   "KRT2",
   "SERPINB13",
   "SFN",
   "SPINK5",
   "TMEM79",
   "TP63",
   "ZFP36L1"
  ],
  "GO_POSITIVE_REGULATION_OF_EPIDERMIS_DEVELOPMENT": [
   "KRT10",
   "KRT17",
   "KRT2",
   "NUMA1",
   "SFN",
   "SULT2B1",
   "TMEM79"
  ],
  "GO_EPIDERMIS_DEVELOPMENT": [
   "FLG",
   "KRT1",
   "KRT10",
   "KRT14",
   "KRT16",
   "KRT17",
   "KRT5",
   "KRT6A",
   "KRT6B",
   "KRT6C",
   "KRTDAP",
   "PERP",
   "S100A7",
   "SFN",
   "SPRR1B"
  ]
 },
 "gene_set_to_pval": {
  "GO_REGULATION_OF_EPIDERMIS_DEVELOPMENT": 0.2247191011235955,
  "GO_POSITIVE_REGULATION_OF_EPIDERMIS_DEVELOPMENT": 0.04219409282700422,
  "GO_EPIDERMIS_DEVELOPMENT": 0.47619047619047616
 },
 "gene_set_to_pairwise_pvals": {
  "GO_POSITIVE_REGULATION_OF_EPIDERMIS_DEVELOPMENT": {
   "KRT10,KRT17": 0.10810810810810811,
   "KRT10,KRT2": 0.3389830508474576,
   "KRT10,NUMA1": 0.09389671361502347,
   "KRT10,SFN": 0.042283298097251586,
   "KRT10,SULT2B1": 0.24691358024691357,
   "KRT10,TMEM79": 0.025284450063211124,
   "KRT17,KRT2": 0.5263157894736842,
   "KRT17,NUMA1": 0.8,
   "KRT17,SFN": 0.13513513513513514,
   "KRT17,SULT2B1": 0.04032258064516129,
   "KRT17,TMEM79": 0.08583690987124463,
   "KRT2,NUMA1": 0.9523809523809523,
   "KRT2,SFN": 0.4166666666666667,
   "KRT2,SULT2B1": 0.8333333333333334,
   "KRT2,TMEM79": 0.4166666666666667,
   "NUMA1,SFN": 0.5405405405405406,
   "NUMA1,SULT2B1": 0.7142857142857143,
   "NUMA1,TMEM79": 0.5,
   "SFN,SULT2B1": 0.47619047619047616,
   "SFN,TMEM79": 0.7692307692307693,
   "SULT2B1,TMEM79": 0.8333333333333334
  }
 },
 "gene_set_to_keep_clusts": {
  "GO_REGULATION_OF_EPIDERMIS_DEVELOPMENT": [
   4,
   5,
   6,
   7,
   8,
   9,
   11
  ],
  "GO_POSITIVE_REGULATION_OF_EPIDERMIS_DEVELOPMENT": [
   3,
   5,
   6,
   7,
   8,
   11
  ],
  "GO_EPIDERMIS_DEVELOPMENT": [
   3,
   5,
   8,
   9,
   11
  ]
 }
}