{
 "gene_set_to_genes": {
  "GO_POSITIVE_REGULATION_OF_FIBROBLAST_PROLIFERATION": [
   "ANXA2",
   "CD74",
   "EGFR",
   "FOSL2",
   "GAS6",
   "PRKDC",
   "S100A6"
  ],
  "GO_RESPONSE_TO_FIBROBLAST_GROWTH_FACTOR": [
   "CD44",
   "COL1A1",
   "CTNNB1",
   "ESRP1",
   "FGFBP1",
   "FGFR3",
   "GPC1",
   "HNRNPA1",
   "HNRNPF",
   "HNRNPH1",
   "HNRNPM",
   "POLR2L",
   "PTBP1",
   "ZFP36L1",
   "ZFP36L2"
  ],
  "GO_REGULATION_OF_FIBROBLAST_GROWTH_FACTOR_RECEPTOR_SIGNALING_PATHWAY": [
   "CTNNB1",
   "FGFBP1",
   "GATA3",
   "GPC1",
   "NPTN",
   "SULF2"
  ],
  "GO_FIBROBLAST_GROWTH_FACTOR_RECEPTOR_SIGNALING_PATHWAY": [
   "CTNNB1",
   "ESRP1",
   "FGFBP1",
   "FGFR3",
   "GATA3",
   "GPC1",
   "HNRNPA1",
   "HNRNPF",
   "HNRNPH1",
   "HNRNPM",
   "IQGAP1",
   "MAPK3",
   "POLR2A",
   "POLR2L",
   "PTBP1"
  ],
  "GO_FIBROBLAST_PROLIFERATION": [
   "ANXA2",
   "CD74",
   "CTNNB1",
   "EGFR",
   "EMD",
   "FOSL2",
   "FTH1",
   "GAS6",
   "GSTP1",
   "PRKDC",
   "S100A6"
  ]
 },
 "gene_set_to_pval": {
  "GO_POSITIVE_REGULATION_OF_FIBROBLAST_PROLIFERATION": 0.45454545454545453,
  "GO_RESPONSE_TO_FIBROBLAST_GROWTH_FACTOR": 0.37735849056603776,
  "GO_REGULATION_OF_FIBROBLAST_GROWTH_FACTOR_RECEPTOR_SIGNALING_PATHWAY": 0.39215686274509803,
  "GO_FIBROBLAST_GROWTH_FACTOR_RECEPTOR_SIGNALING_PATHWAY": 0.30303030303030304,
  "GO_FIBROBLAST_PROLIFERATION": 0.38461538461538464
 },
 "gene_set_to_cluster_to_pval": {
  "GO_POSITIVE_REGULATION_OF_FIBROBLAST_PROLIFERATION": {
   "6": 0.6666666666666666,
   "8": 0.6222222222222222,
   "4": 0.5111111111111111,
   "9": 0.8,
   "3": 0.3333333333333333,
   "11": 0.5555555555555556,
   "5": 0.044444444444444446,
   "7": 0.8666666666666667
  },
  "GO_RESPONSE_TO_FIBROBLAST_GROWTH_FACTOR": {
   "6": 0.3333333333333333,
   "8": 0.7407407407407407,
   "4": 0.46296296296296297,
   "9": 0.3888888888888889,
   "3": 0.48148148148148145,
   "11": 0.3148148148148148,
   "5": 0.6111111111111112,
   "7": 0.16666666666666666
  },
  "GO_REGULATION_OF_FIBROBLAST_GROWTH_FACTOR_RECEPTOR_SIGNALING_PATHWAY": {
   "6": 0.4423076923076923,
   "8": 0.019230769230769232,
   "4": 0.09615384615384616,
   "9": 0.7307692307692307,
   "3": 0.6346153846153846,
   "11": 0.7115384615384616,
   "5": 0.40384615384615385,
   "7": 1.0
  },
  "GO_FIBROBLAST_GROWTH_FACTOR_RECEPTOR_SIGNALING_PATHWAY": {
   "6": 0.22388059701492538,
   "8": 0.43283582089552236,
   "4": 0.3582089552238806,
   "9": 0.8656716417910447,
   "3": 0.43283582089552236,
   "11": 0.2835820895522388,
   "5": 0.5373134328358209,
   "7": 0.373134328358209
  },
  "GO_FIBROBLAST_PROLIFERATION": {
   "6": 0.24528301886792453,
   "8": 0.09433962264150944,
   "4": 0.9433962264150944,
   "9": 0.9622641509433962,
   "3": 0.5849056603773585,
   "11": 0.5471698113207547,
   "5": 0.1509433962264151,
   "7": 0.4716981132075472
  }
 },
 "gene_set_to_pairwise_pvals": {},
 "gene_set_to_pairwise_clust_to_pval": {}
}