{
 "gene_set_to_genes": {
  "GO_CELL_MATRIX_ADHESION": [
   "ACTN1",
   "ADAM15",
   "CD44",
   "CD63",
   "COL17A1",
   "COL3A1",
   "CTNNB1",
   "EMP2",
   "ITGB4",
   "JUP",
   "LYPD3",
   "MACF1",
   "RAC1",
   "RHOA",
   "S100A10"
  ],
  "GO_EXTRACELLULAR_MATRIX_ASSEMBLY": [
   "ANTXR1",
   "COL1A2",
   "GAS6",
   "LAMB3",
   "QSOX1"
  ],
  "GO_REGULATION_OF_EXTRACELLULAR_MATRIX_ORGANIZATION": [
   "AEBP1",
   "ANTXR1",
   "COLGALT1",
   "CST3",
   "FSCN1",
   "TNFRSF1A"
  ],
  "GO_POSITIVE_REGULATION_OF_CELL_MATRIX_ADHESION": [
   "CD36",
   "CIB1",
   "COL16A1",
   "EMP2",
   "IQGAP1",
   "JUP",
   "MAP4K4",
   "RAC1",
   "S100A10",
   "SDC4",
   "THY1",
   "VEGFA"
  ],
  "GO_NEGATIVE_REGULATION_OF_CELL_MATRIX_ADHESION": [
   "ADAM15",
   "BCL6",
   "JAG1",
   "MAP4K4",
   "MMP14",
   "PTEN"
  ],
  "GO_EXTRACELLULAR_MATRIX_DISASSEMBLY": [
   "ADAM15",
   "BSG",
   "CAPN1",
   "CAPN2",
   "CAPNS1",
   "CD44",
   "CST3",
   "FSCN1",
   "FURIN",
   "HTRA1",
   "KLK5",
   "KLK7",
   "MMP1",
   "MMP3",
   "TIMP1"
  ],
  "GO_REGULATION_OF_CELL_MATRIX_ADHESION": [
   "ADAM15",
   "BCL6",
   "CD36",
   "CIB1",
   "EMP2",
   "IQGAP1",
   "JAG1",
   "JUP",
   "MACF1",
   "MINK1",
   "MMP14",
   "PTEN",
   "RAC1",
   "RHOA",
   "S100A10"
  ]
 },
 "gene_set_to_pval": {
  "GO_CELL_MATRIX_ADHESION": 0.29850746268656714,
  "GO_EXTRACELLULAR_MATRIX_ASSEMBLY": 0.05917159763313609,
  "GO_REGULATION_OF_EXTRACELLULAR_MATRIX_ORGANIZATION": 0.8333333333333334,
  "GO_POSITIVE_REGULATION_OF_CELL_MATRIX_ADHESION": 0.8333333333333334,
  "GO_NEGATIVE_REGULATION_OF_CELL_MATRIX_ADHESION": 0.6060606060606061,
  "GO_EXTRACELLULAR_MATRIX_DISASSEMBLY": 0.8333333333333334,
  "GO_REGULATION_OF_CELL_MATRIX_ADHESION": 0.4444444444444444
 },
 "gene_set_to_cluster_to_pval": {
  "GO_CELL_MATRIX_ADHESION": {
   "6": 0.25,
   "8": 0.11764705882352941,
   "4": 0.6911764705882353,
   "9": 0.27941176470588236,
   "3": 0.5294117647058824,
   "11": 0.7794117647058824,
   "5": 0.7941176470588235,
   "7": 0.014705882352941176
  },
  "GO_EXTRACELLULAR_MATRIX_ASSEMBLY": {
   "6": 0.07374631268436578,
   "8": 0.28023598820059,
   "4": 0.43952802359882004,
   "9": 0.8967551622418879,
   "3": 0.4336283185840708,
   "11": 0.2861356932153392,
   "5": 0.1592920353982301,
   "7": 0.12389380530973451
  },
  "GO_REGULATION_OF_EXTRACELLULAR_MATRIX_ORGANIZATION": {
   "6": 1.0,
   "8": 0.08,
   "4": 0.8,
   "9": 0.76,
   "3": 0.36,
   "11": 0.88,
   "5": 0.08,
   "7": 0.4
  },
  "GO_POSITIVE_REGULATION_OF_CELL_MATRIX_ADHESION": {
   "6": 1.0,
   "8": 0.48,
   "4": 0.08,
   "9": 0.28,
   "3": 0.64,
   "11": 0.68,
   "5": 0.12,
   "7": 0.88
  },
  "GO_NEGATIVE_REGULATION_OF_CELL_MATRIX_ADHESION": {
   "6": 0.4117647058823529,
   "8": 0.11764705882352941,
   "4": 0.5,
   "9": 0.8529411764705882,
   "3": 0.7941176470588235,
   "11": 0.4117647058823529,
   "5": 0.5882352941176471,
   "7": 0.8823529411764706
  },
  "GO_EXTRACELLULAR_MATRIX_DISASSEMBLY": {
   "6": 0.36,
   "8": 0.52,
   "4": 0.88,
   "9": 0.24,
   "3": 0.96,
   "11": 0.28,
   "5": 0.96,
   "7": 0.48
  },
  "GO_REGULATION_OF_CELL_MATRIX_ADHESION": {
   "6": 0.717391304347826,
   "8": 0.5869565217391305,
   "4": 0.5434782608695652,
   "9": 0.10869565217391304,
   "3": 0.2391304347826087,
   "11": 0.41304347826086957,
   "5": 0.3695652173913043,
   "7": 0.8695652173913043
  }
 },
 "gene_set_to_pairwise_pvals": {},
 "gene_set_to_pairwise_clust_to_pval": {}
}