{
 "gene_set_to_genes": {
  "GO_CELL_MATRIX_ADHESION": [
   "ACTN1",
   "ADAM15",
   "CD44",
   "CD63",
   "COL17A1",
   "COL3A1",
   "CTNNB1",
   "EMP2",
   "ITGB4",
   "JUP",
   "LYPD3",
   "MACF1",
   "RAC1",
   "RHOA",
   "S100A10"
  ],
  "GO_EXTRACELLULAR_MATRIX_ASSEMBLY": [
   "ANTXR1",
   "COL1A2",
   "GAS6",
   "LAMB3",
   "QSOX1"
  ],
  "GO_REGULATION_OF_EXTRACELLULAR_MATRIX_ORGANIZATION": [
   "AEBP1",
   "ANTXR1",
   "COLGALT1",
   "CST3",
   "FSCN1",
   "TNFRSF1A"
  ],
  "GO_POSITIVE_REGULATION_OF_CELL_MATRIX_ADHESION": [
   "CD36",
   "CIB1",
   "COL16A1",
   "EMP2",
   "IQGAP1",
   "JUP",
   "MAP4K4",
   "RAC1",
   "S100A10",
   "SDC4",
   "THY1",
   "VEGFA"
  ],
  "GO_NEGATIVE_REGULATION_OF_CELL_MATRIX_ADHESION": [
   "ADAM15",
   "BCL6",
   "JAG1",
   "MAP4K4",
   "MMP14",
   "PTEN"
  ],
  "GO_EXTRACELLULAR_MATRIX_DISASSEMBLY": [
   "ADAM15",
   "BSG",
   "CAPN1",
   "CAPN2",
   "CAPNS1",
   "CD44",
   "CST3",
   "FSCN1",
   "FURIN",
   "HTRA1",
   "KLK5",
   "KLK7",
   "MMP1",
   "MMP3",
   "TIMP1"
  ],
  "GO_REGULATION_OF_CELL_MATRIX_ADHESION": [
   "ADAM15",
   "BCL6",
   "CD36",
   "CIB1",
   "EMP2",
   "IQGAP1",
   "JAG1",
   "JUP",
   "MACF1",
   "MINK1",
   "MMP14",
   "PTEN",
   "RAC1",
   "RHOA",
   "S100A10"
  ]
 },
 "gene_set_to_pval": {
  "GO_CELL_MATRIX_ADHESION": 0.4,
  "GO_EXTRACELLULAR_MATRIX_ASSEMBLY": 0.9090909090909091,
  "GO_REGULATION_OF_EXTRACELLULAR_MATRIX_ORGANIZATION": 0.2898550724637681,
  "GO_POSITIVE_REGULATION_OF_CELL_MATRIX_ADHESION": 0.08849557522123894,
  "GO_NEGATIVE_REGULATION_OF_CELL_MATRIX_ADHESION": 0.8695652173913043,
  "GO_EXTRACELLULAR_MATRIX_DISASSEMBLY": 0.01483679525222552,
  "GO_REGULATION_OF_CELL_MATRIX_ADHESION": 0.36363636363636365
 },
 "gene_set_to_pairwise_pvals": {
  "GO_EXTRACELLULAR_MATRIX_DISASSEMBLY": {
   "ADAM15,BSG": 0.8333333333333334,
   "ADAM15,CAPN1": 0.425531914893617,
   "ADAM15,CAPN2": 0.5128205128205128,
   "ADAM15,CAPNS1": 0.22727272727272727,
   "ADAM15,CD44": 0.7407407407407407,
   "ADAM15,CST3": 0.2777777777777778,
   "ADAM15,FSCN1": 0.21739130434782608,
   "ADAM15,FURIN": 1.0,
   "ADAM15,HTRA1": 0.16129032258064516,
   "ADAM15,KLK5": 0.625,
   "ADAM15,KLK7": 0.06369426751592357,
   "ADAM15,MMP1": 0.18867924528301888,
   "ADAM15,MMP3": 0.8695652173913043,
   "ADAM15,TIMP1": 0.8333333333333334,
   "BSG,CAPN1": 0.9523809523809523,
   "BSG,CAPN2": 0.46511627906976744,
   "BSG,CAPNS1": 0.625,
   "BSG,CD44": 0.3389830508474576,
   "BSG,CST3": 0.023121387283236993,
   "BSG,FSCN1": 0.1941747572815534,
   "BSG,FURIN": 0.36363636363636365,
   "BSG,HTRA1": 0.26666666666666666,
   "BSG,KLK5": 0.11173184357541899,
   "BSG,KLK7": 0.02666666666666667,
   "BSG,MMP1": 0.17543859649122806,
   "BSG,MMP3": 0.5714285714285714,
   "BSG,TIMP1": 0.8,
   "CAPN1,CAPN2": 0.078125,
   "CAPN1,CAPNS1": 1.0,
   "CAPN1,CD44": 0.9090909090909091,
   "CAPN1,CST3": 0.7692307692307693,
   "CAPN1,FSCN1": 0.2777777777777778,
   "CAPN1,FURIN": 0.5882352941176471,
   "CAPN1,HTRA1": 0.43478260869565216,
   "CAPN1,KLK5": 0.09389671361502347,
   "CAPN1,KLK7": 0.027816411682892908,
   "CAPN1,MMP1": 0.31746031746031744,
   "CAPN1,MMP3": 0.6451612903225806,
   "CAPN1,TIMP1": 0.43478260869565216,
   "CAPN2,CAPNS1": 0.9523809523809523,
   "CAPN2,CD44": 0.3125,
   "CAPN2,CST3": 0.9523809523809523,
   "CAPN2,FSCN1": 1.0,
   "CAPN2,FURIN": 0.9523809523809523,
   "CAPN2,HTRA1": 0.38461538461538464,
   "CAPN2,KLK5": 0.6666666666666666,
   "CAPN2,KLK7": 0.38461538461538464,
   "CAPN2,MMP1": 0.4,
   "CAPN2,MMP3": 0.0488997555012225,
   "CAPN2,TIMP1": 0.9090909090909091,
   "CAPNS1,CD44": 0.03134796238244514,
   "CAPNS1,CST3": 0.8,
   "CAPNS1,FSCN1": 0.8333333333333334,
   "CAPNS1,FURIN": 0.5882352941176471,
   "CAPNS1,HTRA1": 0.21739130434782608,
   "CAPNS1,KLK5": 0.37037037037037035,
   "CAPNS1,KLK7": 0.37037037037037035,
   "CAPNS1,MMP1": 0.3448275862068966,
   "CAPNS1,MMP3": 0.5,
   "CAPNS1,TIMP1": 0.8695652173913043,
   "CD44,CST3": 0.625,
   "CD44,FSCN1": 0.7407407407407407,
   "CD44,FURIN": 0.6666666666666666,
   "CD44,HTRA1": 0.7142857142857143,
   "CD44,KLK5": 0.6666666666666666,
   "CD44,KLK7": 0.8333333333333334,
   "CD44,MMP1": 0.9090909090909091,
   "CD44,MMP3": 0.6666666666666666,
   "CD44,TIMP1": 0.9090909090909091,
   "CST3,FSCN1": 0.7142857142857143,
   "CST3,FURIN": 0.6060606060606061,
   "CST3,HTRA1": 0.6060606060606061,
   "CST3,KLK5": 0.5405405405405406,
   "CST3,KLK7": 0.4444444444444444,
   "CST3,MMP1": 1.0,
   "CST3,MMP3": 0.5128205128205128,
   "CST3,TIMP1": 0.5405405405405406,
   "FSCN1,FURIN": 0.9523809523809523,
   "FSCN1,HTRA1": 0.30303030303030304,
   "FSCN1,KLK5": 0.18181818181818182,
   "FSCN1,KLK7": 0.31746031746031744,
   "FSCN1,MMP1": 0.22988505747126436,
   "FSCN1,MMP3": 0.16393442622950818,
   "FSCN1,TIMP1": 0.6451612903225806,
   "FURIN,HTRA1": 0.24691358024691357,
   "FURIN,KLK5": 0.29411764705882354,
   "FURIN,KLK7": 0.5263157894736842,
   "FURIN,MMP1": 0.2702702702702703,
   "FURIN,MMP3": 0.7142857142857143,
   "FURIN,TIMP1": 0.9523809523809523,
   "HTRA1,KLK5": 0.9523809523809523,
   "HTRA1,KLK7": 0.5714285714285714,
   "HTRA1,MMP1": 0.05420054200542006,
   "HTRA1,MMP3": 0.024301336573511544,
   "HTRA1,TIMP1": 0.19607843137254902,
   "KLK5,KLK7": 0.14925373134328357,
   "KLK5,MMP1": 0.7142857142857143,
   "KLK5,MMP3": 0.4878048780487805,
   "KLK5,TIMP1": 0.4878048780487805,
   "KLK7,MMP1": 0.7407407407407407,
   "KLK7,MMP3": 0.5405405405405406,
   "KLK7,TIMP1": 0.04975124378109453,
   "MMP1,MMP3": 0.4878048780487805,
   "MMP1,TIMP1": 0.6060606060606061,
   "MMP3,TIMP1": 0.7692307692307693
  }
 },
 "gene_set_to_keep_clusts": {
  "GO_CELL_MATRIX_ADHESION": [
   3,
   4,
   5,
   6,
   8,
   9,
   11
  ],
  "GO_EXTRACELLULAR_MATRIX_ASSEMBLY": [
   3,
   4,
   5,
   6,
   7,
   8,
   9,
   11
  ],
  "GO_REGULATION_OF_EXTRACELLULAR_MATRIX_ORGANIZATION": [
   3,
   4,
   5,
   6,
   7,
   8,
   9,
   11
  ],
  "GO_POSITIVE_REGULATION_OF_CELL_MATRIX_ADHESION": [
   3,
   4,
   5,
   6,
   7,
   8,
   9,
   11
  ],
  "GO_NEGATIVE_REGULATION_OF_CELL_MATRIX_ADHESION": [
   3,
   4,
   5,
   6,
   7,
   8,
   9,
   11
  ],
  "GO_EXTRACELLULAR_MATRIX_DISASSEMBLY": [
   3,
   4,
   5,
   6,
   7,
   8,
   9,
   11
  ],
  "GO_REGULATION_OF_CELL_MATRIX_ADHESION": [
   3,
   4,
   5,
   6,
   7,
   8,
   9,
   11
  ]
 }
}