{
 "gene_set_to_genes": {
  "GO_B_CELL_MEDIATED_IMMUNITY": [
   "C1QA",
   "CD74",
   "HLA-E",
   "IGHA1",
   "IGHG1",
   "IGHG3",
   "IGHG4",
   "IGKC",
   "IGLC2"
  ],
  "GO_B_CELL_ACTIVATION": [
   "BST2",
   "CD74",
   "IGHA1",
   "IGHG1",
   "IGHG3",
   "IGHG4",
   "IGKC",
   "IGLC2",
   "JAK3",
   "LGALS1",
   "MZB1",
   "XBP1"
  ],
  "GO_REGULATION_OF_B_CELL_ACTIVATION": [
   "CD74",
   "IGHA1",
   "IGHG1",
   "IGHG3",
   "IGHG4",
   "IGKC",
   "IGLC2",
   "MZB1",
   "XBP1"
  ],
  "GO_POSITIVE_REGULATION_OF_B_CELL_ACTIVATION": [
   "CD74",
   "IGHA1",
   "IGHG1",
   "IGHG3",
   "IGHG4",
   "IGKC",
   "IGLC2",
   "XBP1"
  ],
  "GO_B_CELL_RECEPTOR_SIGNALING_PATHWAY": [
   "IGHA1",
   "IGHG1",
   "IGHG3",
   "IGHG4",
   "IGKC",
   "IGLC2"
  ]
 },
 "gene_set_to_pval": {
  "GO_B_CELL_MEDIATED_IMMUNITY": 0.21505376344086022,
  "GO_B_CELL_ACTIVATION": 0.19047619047619047,
  "GO_REGULATION_OF_B_CELL_ACTIVATION": 0.3389830508474576,
  "GO_POSITIVE_REGULATION_OF_B_CELL_ACTIVATION": 0.45454545454545453,
  "GO_B_CELL_RECEPTOR_SIGNALING_PATHWAY": 0.8695652173913043
 },
 "gene_set_to_cluster_to_pval": {
  "GO_B_CELL_MEDIATED_IMMUNITY": {
   "11": 0.40425531914893614,
   "8": 0.9468085106382979,
   "7": 0.776595744680851,
   "9": 0.010638297872340425,
   "3": 0.7659574468085106,
   "2": 0.14893617021276595,
   "1": 0.02127659574468085,
   "10": 0.010638297872340425,
   "5": 0.3723404255319149,
   "4": 0.7127659574468085,
   "6": 0.9042553191489362
  },
  "GO_B_CELL_ACTIVATION": {
   "11": 0.3867924528301887,
   "8": 0.8207547169811321,
   "7": 0.29245283018867924,
   "9": 0.6698113207547169,
   "3": 0.49056603773584906,
   "2": 0.04716981132075472,
   "1": 0.0660377358490566,
   "10": 0.009433962264150943,
   "5": 0.6509433962264151,
   "4": 0.3584905660377358,
   "6": 0.9150943396226415
  },
  "GO_REGULATION_OF_B_CELL_ACTIVATION": {
   "11": 0.43333333333333335,
   "8": 0.65,
   "7": 1.0,
   "9": 0.8,
   "3": 0.21666666666666667,
   "2": 0.016666666666666666,
   "1": 0.06666666666666667,
   "10": 0.03333333333333333,
   "5": 0.5666666666666667,
   "4": 0.7333333333333333,
   "6": 0.7166666666666667
  },
  "GO_POSITIVE_REGULATION_OF_B_CELL_ACTIVATION": {
   "11": 0.3111111111111111,
   "8": 0.7555555555555555,
   "7": 0.9555555555555556,
   "9": 0.6,
   "3": 0.4888888888888889,
   "2": 0.06666666666666667,
   "1": 0.022222222222222223,
   "10": 0.022222222222222223,
   "5": 0.8666666666666667,
   "4": 0.9111111111111111,
   "6": 0.8
  },
  "GO_B_CELL_RECEPTOR_SIGNALING_PATHWAY": {
   "11": 0.5416666666666666,
   "8": 0.9583333333333334,
   "7": 0.875,
   "9": 0.375,
   "3": 0.625,
   "2": 0.041666666666666664,
   "1": 0.20833333333333334,
   "10": 0.041666666666666664,
   "5": 0.6666666666666666,
   "4": 0.8333333333333334,
   "6": 0.7916666666666666
  }
 },
 "gene_set_to_pairwise_pvals": {},
 "gene_set_to_pairwise_clust_to_pval": {}
}