{
 "gene_set_to_genes": {
  "GO_B_CELL_MEDIATED_IMMUNITY": [
   "C1QA",
   "CD74",
   "HLA-E",
   "IGHA1",
   "IGHG1",
   "IGHG3",
   "IGHG4",
   "IGKC",
   "IGLC2"
  ],
  "GO_B_CELL_ACTIVATION": [
   "BST2",
   "CD74",
   "IGHA1",
   "IGHG1",
   "IGHG3",
   "IGHG4",
   "IGKC",
   "IGLC2",
   "JAK3",
   "LGALS1",
   "MZB1",
   "XBP1"
  ],
  "GO_REGULATION_OF_B_CELL_ACTIVATION": [
   "CD74",
   "IGHA1",
   "IGHG1",
   "IGHG3",
   "IGHG4",
   "IGKC",
   "IGLC2",
   "MZB1",
   "XBP1"
  ],
  "GO_POSITIVE_REGULATION_OF_B_CELL_ACTIVATION": [
   "CD74",
   "IGHA1",
   "IGHG1",
   "IGHG3",
   "IGHG4",
   "IGKC",
   "IGLC2",
   "XBP1"
  ],
  "GO_B_CELL_RECEPTOR_SIGNALING_PATHWAY": [
   "IGHA1",
   "IGHG1",
   "IGHG3",
   "IGHG4",
   "IGKC",
   "IGLC2"
  ]
 },
 "gene_set_to_pval": {
  "GO_B_CELL_MEDIATED_IMMUNITY": 0.0001,
  "GO_B_CELL_ACTIVATION": 0.0001,
  "GO_REGULATION_OF_B_CELL_ACTIVATION": 0.0001,
  "GO_POSITIVE_REGULATION_OF_B_CELL_ACTIVATION": 0.0001,
  "GO_B_CELL_RECEPTOR_SIGNALING_PATHWAY": 0.0001
 },
 "gene_set_to_pairwise_pvals": {
  "GO_B_CELL_MEDIATED_IMMUNITY": {
   "C1QA,CD74": 0.046296296296296294,
   "C1QA,HLA-E": 1.0,
   "C1QA,IGHA1": 0.9090909090909091,
   "C1QA,IGHG1": 0.0364963503649635,
   "C1QA,IGHG3": 0.24390243902439024,
   "C1QA,IGHG4": 0.9523809523809523,
   "C1QA,IGKC": 0.7407407407407407,
   "C1QA,IGLC2": 0.14285714285714285,
   "CD74,HLA-E": 0.9523809523809523,
   "CD74,IGHA1": 1.0,
   "CD74,IGHG1": 0.5128205128205128,
   "CD74,IGHG3": 0.023148148148148147,
   "CD74,IGHG4": 0.08163265306122448,
   "CD74,IGKC": 0.6896551724137931,
   "CD74,IGLC2": 0.8,
   "HLA-E,IGHA1": 0.16260162601626016,
   "HLA-E,IGHG1": 0.3076923076923077,
   "HLA-E,IGHG3": 0.9523809523809523,
   "HLA-E,IGHG4": 0.47619047619047616,
   "HLA-E,IGKC": 0.23809523809523808,
   "HLA-E,IGLC2": 0.9523809523809523,
   "IGHA1,IGHG1": 0.47619047619047616,
   "IGHA1,IGHG3": 0.8695652173913043,
   "IGHA1,IGHG4": 0.273972602739726,
   "IGHA1,IGKC": 0.8,
   "IGHA1,IGLC2": 0.9523809523809523,
   "IGHG1,IGHG3": 0.15748031496062992,
   "IGHG1,IGHG4": 0.2777777777777778,
   "IGHG1,IGKC": 0.14492753623188406,
   "IGHG1,IGLC2": 0.20618556701030927,
   "IGHG3,IGHG4": 0.7407407407407407,
   "IGHG3,IGKC": 0.9523809523809523,
   "IGHG3,IGLC2": 0.18867924528301888,
   "IGHG4,IGKC": 0.6451612903225806,
   "IGHG4,IGLC2": 0.8695652173913043,
   "IGKC,IGLC2": 0.3389830508474576
  },
  "GO_B_CELL_ACTIVATION": {
   "BST2,CD74": 0.8333333333333334,
   "BST2,IGHA1": 0.4,
   "BST2,IGHG1": 0.6666666666666666,
   "BST2,IGHG3": 0.9090909090909091,
   "BST2,IGHG4": 0.39215686274509803,
   "BST2,IGKC": 0.7407407407407407,
   "BST2,IGLC2": 0.008,
   "BST2,JAK3": 1.0,
   "BST2,LGALS1": 0.47619047619047616,
   "BST2,MZB1": 0.09259259259259259,
   "BST2,XBP1": 0.1342281879194631,
   "CD74,IGHA1": 1.0,
   "CD74,IGHG1": 0.5128205128205128,
   "CD74,IGHG3": 0.023148148148148147,
   "CD74,IGHG4": 0.08163265306122448,
   "CD74,IGKC": 0.6896551724137931,
   "CD74,IGLC2": 0.8,
   "CD74,JAK3": 0.9090909090909091,
   "CD74,LGALS1": 0.2777777777777778,
   "CD74,MZB1": 0.29411764705882354,
   "CD74,XBP1": 0.5882352941176471,
   "IGHA1,IGHG1": 0.47619047619047616,
   "IGHA1,IGHG3": 0.8695652173913043,
   "IGHA1,IGHG4": 0.273972602739726,
   "IGHA1,IGKC": 0.8,
   "IGHA1,IGLC2": 0.9523809523809523,
   "IGHA1,JAK3": 0.5714285714285714,
   "IGHA1,LGALS1": 0.5714285714285714,
   "IGHA1,MZB1": 0.9523809523809523,
   "IGHA1,XBP1": 0.6060606060606061,
   "IGHG1,IGHG3": 0.15748031496062992,
   "IGHG1,IGHG4": 0.2777777777777778,
   "IGHG1,IGKC": 0.14492753623188406,
   "IGHG1,IGLC2": 0.20618556701030927,
   "IGHG1,JAK3": 0.09900990099009901,
   "IGHG1,LGALS1": 0.46511627906976744,
   "IGHG1,MZB1": 0.0425531914893617,
   "IGHG1,XBP1": 0.7407407407407407,
   "IGHG3,IGHG4": 0.7407407407407407,
   "IGHG3,IGKC": 0.9523809523809523,
   "IGHG3,IGLC2": 0.18867924528301888,
   "IGHG3,JAK3": 0.5128205128205128,
   "IGHG3,LGALS1": 0.09389671361502347,
   "IGHG3,MZB1": 0.8,
   "IGHG3,XBP1": 0.7142857142857143,
   "IGHG4,IGKC": 0.6451612903225806,
   "IGHG4,IGLC2": 0.8695652173913043,
   "IGHG4,JAK3": 0.8333333333333334,
   "IGHG4,LGALS1": 0.40816326530612246,
   "IGHG4,MZB1": 0.22988505747126436,
   "IGHG4,XBP1": 0.9090909090909091,
   "IGKC,IGLC2": 0.3389830508474576,
   "IGKC,JAK3": 0.23529411764705882,
   "IGKC,LGALS1": 0.10152284263959391,
   "IGKC,MZB1": 0.6896551724137931,
   "IGKC,XBP1": 0.5,
   "IGLC2,JAK3": 0.06622516556291391,
   "IGLC2,LGALS1": 0.36363636363636365,
   "IGLC2,MZB1": 0.625,
   "IGLC2,XBP1": 0.5714285714285714,
   "JAK3,LGALS1": 0.625,
   "JAK3,MZB1": 0.23255813953488372,
   "JAK3,XBP1": 0.29411764705882354,
   "LGALS1,MZB1": 0.3125,
   "LGALS1,XBP1": 0.46511627906976744,
   "MZB1,XBP1": 0.24390243902439024
  },
  "GO_REGULATION_OF_B_CELL_ACTIVATION": {
   "CD74,IGHA1": 1.0,
   "CD74,IGHG1": 0.5128205128205128,
   "CD74,IGHG3": 0.023148148148148147,
   "CD74,IGHG4": 0.08163265306122448,
   "CD74,IGKC": 0.6896551724137931,
   "CD74,IGLC2": 0.8,
   "CD74,MZB1": 0.29411764705882354,
   "CD74,XBP1": 0.5882352941176471,
   "IGHA1,IGHG1": 0.47619047619047616,
   "IGHA1,IGHG3": 0.8695652173913043,
   "IGHA1,IGHG4": 0.273972602739726,
   "IGHA1,IGKC": 0.8,
   "IGHA1,IGLC2": 0.9523809523809523,
   "IGHA1,MZB1": 0.9523809523809523,
   "IGHA1,XBP1": 0.6060606060606061,
   "IGHG1,IGHG3": 0.15748031496062992,
   "IGHG1,IGHG4": 0.2777777777777778,
   "IGHG1,IGKC": 0.14492753623188406,
   "IGHG1,IGLC2": 0.20618556701030927,
   "IGHG1,MZB1": 0.0425531914893617,
   "IGHG1,XBP1": 0.7407407407407407,
   "IGHG3,IGHG4": 0.7407407407407407,
   "IGHG3,IGKC": 0.9523809523809523,
   "IGHG3,IGLC2": 0.18867924528301888,
   "IGHG3,MZB1": 0.8,
   "IGHG3,XBP1": 0.7142857142857143,
   "IGHG4,IGKC": 0.6451612903225806,
   "IGHG4,IGLC2": 0.8695652173913043,
   "IGHG4,MZB1": 0.22988505747126436,
   "IGHG4,XBP1": 0.9090909090909091,
   "IGKC,IGLC2": 0.3389830508474576,
   "IGKC,MZB1": 0.6896551724137931,
   "IGKC,XBP1": 0.5,
   "IGLC2,MZB1": 0.625,
   "IGLC2,XBP1": 0.5714285714285714,
   "MZB1,XBP1": 0.24390243902439024
  },
  "GO_POSITIVE_REGULATION_OF_B_CELL_ACTIVATION": {
   "CD74,IGHA1": 1.0,
   "CD74,IGHG1": 0.5128205128205128,
   "CD74,IGHG3": 0.023148148148148147,
   "CD74,IGHG4": 0.08163265306122448,
   "CD74,IGKC": 0.6896551724137931,
   "CD74,IGLC2": 0.8,
   "CD74,XBP1": 0.5882352941176471,
   "IGHA1,IGHG1": 0.47619047619047616,
   "IGHA1,IGHG3": 0.8695652173913043,
   "IGHA1,IGHG4": 0.273972602739726,
   "IGHA1,IGKC": 0.8,
   "IGHA1,IGLC2": 0.9523809523809523,
   "IGHA1,XBP1": 0.6060606060606061,
   "IGHG1,IGHG3": 0.15748031496062992,
   "IGHG1,IGHG4": 0.2777777777777778,
   "IGHG1,IGKC": 0.14492753623188406,
   "IGHG1,IGLC2": 0.20618556701030927,
   "IGHG1,XBP1": 0.7407407407407407,
   "IGHG3,IGHG4": 0.7407407407407407,
   "IGHG3,IGKC": 0.9523809523809523,
   "IGHG3,IGLC2": 0.18867924528301888,
   "IGHG3,XBP1": 0.7142857142857143,
   "IGHG4,IGKC": 0.6451612903225806,
   "IGHG4,IGLC2": 0.8695652173913043,
   "IGHG4,XBP1": 0.9090909090909091,
   "IGKC,IGLC2": 0.3389830508474576,
   "IGKC,XBP1": 0.5,
   "IGLC2,XBP1": 0.5714285714285714
  },
  "GO_B_CELL_RECEPTOR_SIGNALING_PATHWAY": {
   "IGHA1,IGHG1": 0.47619047619047616,
   "IGHA1,IGHG3": 0.8695652173913043,
   "IGHA1,IGHG4": 0.273972602739726,
   "IGHA1,IGKC": 0.8,
   "IGHA1,IGLC2": 0.9523809523809523,
   "IGHG1,IGHG3": 0.15748031496062992,
   "IGHG1,IGHG4": 0.2777777777777778,
   "IGHG1,IGKC": 0.14492753623188406,
   "IGHG1,IGLC2": 0.20618556701030927,
   "IGHG3,IGHG4": 0.7407407407407407,
   "IGHG3,IGKC": 0.9523809523809523,
   "IGHG3,IGLC2": 0.18867924528301888,
   "IGHG4,IGKC": 0.6451612903225806,
   "IGHG4,IGLC2": 0.8695652173913043,
   "IGKC,IGLC2": 0.3389830508474576
  }
 },
 "gene_set_to_keep_clusts": {
  "GO_B_CELL_MEDIATED_IMMUNITY": [
   2,
   3,
   4,
   5,
   6,
   7,
   8,
   11
  ],
  "GO_B_CELL_ACTIVATION": [
   3,
   4,
   5,
   6,
   7,
   8,
   9,
   11
  ],
  "GO_REGULATION_OF_B_CELL_ACTIVATION": [
   1,
   3,
   4,
   5,
   6,
   7,
   8,
   9,
   11
  ],