{
 "gene_set_to_genes": {
  "GO_CALCIUM_MEDIATED_SIGNALING": [
   "BCAP31",
   "CALM1",
   "CALML3",
   "CALML5",
   "HINT1",
   "PRNP",
   "PTBP1"
  ],
  "GO_CYTOSOLIC_CALCIUM_ION_TRANSPORT": [
   "CALM1",
   "CAV1",
   "PML",
   "PRNP",
   "TMBIM6"
  ],
  "GO_REGULATION_OF_CALCIUM_ION_TRANSPORT": [
   "AHNAK",
   "ANXA2",
   "CALM1",
   "CAV1",
   "GJA1",
   "PML",
   "PRNP",
   "RHOA",
   "TMBIM6",
   "TSPO"
  ],
  "GO_REGULATION_OF_CALCIUM_ION_TRANSPORT_INTO_CYTOSOL": [
   "CALM1",
   "CAV1",
   "PML",
   "PRNP",
   "TMBIM6"
  ],
  "GO_REGULATION_OF_CYTOSOLIC_CALCIUM_ION_CONCENTRATION": [
   "ANXA2",
   "BCAP31",
   "CALM1",
   "CAV1",
   "CD24",
   "GJA1",
   "GTF2I",
   "HMGB1",
   "PML",
   "PRNP",
   "TMBIM6"
  ],
  "GO_CALCIUM_ION_TRANSMEMBRANE_TRANSPORT": [
   "AHNAK",
   "ANXA2",
   "CALM1",
   "PRNP",
   "SEC61A1"
  ],
  "GO_RESPONSE_TO_CALCIUM_ION": [
   "AQP3",
   "CALM1",
   "CAV1",
   "HSPA5",
   "MT-CYB",
   "S100A16",
   "SDC1",
   "SPARC",
   "TXNIP"
  ]
 },
 "gene_set_to_pval": {
  "GO_CALCIUM_MEDIATED_SIGNALING": 0.014936519790888723,
  "GO_CYTOSOLIC_CALCIUM_ION_TRANSPORT": 0.8,
  "GO_REGULATION_OF_CALCIUM_ION_TRANSPORT": 0.5263157894736842,
  "GO_REGULATION_OF_CALCIUM_ION_TRANSPORT_INTO_CYTOSOL": 0.6896551724137931,
  "GO_REGULATION_OF_CYTOSOLIC_CALCIUM_ION_CONCENTRATION": 0.0003,
  "GO_CALCIUM_ION_TRANSMEMBRANE_TRANSPORT": 1.0,
  "GO_RESPONSE_TO_CALCIUM_ION": 0.1652892561983471
 },
 "gene_set_to_pairwise_pvals": {
  "GO_CALCIUM_MEDIATED_SIGNALING": {
   "BCAP31,CALM1": 0.625,
   "BCAP31,CALML3": 0.5263157894736842,
   "BCAP31,CALML5": 0.23529411764705882,
   "BCAP31,HINT1": 0.14184397163120568,
   "BCAP31,PRNP": 0.6896551724137931,
   "BCAP31,PTBP1": 0.7142857142857143,
   "CALM1,CALML3": 0.37735849056603776,
   "CALM1,CALML5": 0.273972602739726,
   "CALM1,HINT1": 0.11235955056179775,
   "CALM1,PRNP": 0.9523809523809523,
   "CALM1,PTBP1": 0.3225806451612903,
   "CALML3,CALML5": 0.001,
   "CALML3,HINT1": 0.8695652173913043,
   "CALML3,PRNP": 0.17857142857142858,
   "CALML3,PTBP1": 0.5555555555555556,
   "CALML5,HINT1": 0.08403361344537816,
   "CALML5,PRNP": 0.012,
   "CALML5,PTBP1": 0.35714285714285715,
   "HINT1,PRNP": 0.2222222222222222,
   "HINT1,PTBP1": 0.16666666666666666,
   "PRNP,PTBP1": 0.5882352941176471
  },
  "GO_REGULATION_OF_CYTOSOLIC_CALCIUM_ION_CONCENTRATION": {
   "ANXA2,BCAP31": 0.3333333333333333,
   "ANXA2,CALM1": 0.30303030303030304,
   "ANXA2,CAV1": 0.29411764705882354,
   "ANXA2,CD24": 0.2597402597402597,
   "ANXA2,GJA1": 0.5405405405405406,
   "ANXA2,GTF2I": 0.37037037037037035,
   "ANXA2,HMGB1": 0.06349206349206349,
   "ANXA2,PML": 0.5405405405405406,
   "ANXA2,PRNP": 1.0,
   "ANXA2,TMBIM6": 0.625,
   "BCAP31,CALM1": 0.625,
   "BCAP31,CAV1": 0.004,
   "BCAP31,CD24": 0.4166666666666667,
   "BCAP31,GJA1": 0.10810810810810811,
   "BCAP31,GTF2I": 0.9523809523809523,
   "BCAP31,HMGB1": 0.47619047619047616,
   "BCAP31,PML": 0.37735849056603776,
   "BCAP31,PRNP": 0.6896551724137931,
   "BCAP31,TMBIM6": 0.12269938650306748,
   "CALM1,CAV1": 0.16666666666666666,
   "CALM1,CD24": 0.002,
   "CALM1,GJA1": 0.001,
   "CALM1,GTF2I": 0.6896551724137931,
   "CALM1,HMGB1": 0.3448275862068966,
   "CALM1,PML": 0.9523809523809523,
   "CALM1,PRNP": 0.9523809523809523,
   "CALM1,TMBIM6": 0.21505376344086022,
   "CAV1,CD24": 0.17094017094017094,
   "CAV1,GJA1": 0.05509641873278237,
   "CAV1,GTF2I": 0.5555555555555556,
   "CAV1,HMGB1": 0.2564102564102564,
   "CAV1,PML": 0.12121212121212122,
   "CAV1,PRNP": 0.6896551724137931,
   "CAV1,TMBIM6": 0.7407407407407407,
   "CD24,GJA1": 0.001,
   "CD24,GTF2I": 0.14705882352941177,
   "CD24,HMGB1": 0.002,
   "CD24,PML": 0.002,
   "CD24,PRNP": 0.7407407407407407,
   "CD24,TMBIM6": 0.29411764705882354,
   "GJA1,GTF2I": 0.6666666666666666,
   "GJA1,HMGB1": 0.003,
   "GJA1,PML": 0.011,
   "GJA1,PRNP": 0.1652892561983471,
   "GJA1,TMBIM6": 0.056179775280898875,
   "GTF2I,HMGB1": 0.6060606060606061,
   "GTF2I,PML": 0.6451612903225806,
   "GTF2I,PRNP": 0.04608294930875576,
   "GTF2I,TMBIM6": 0.625,
   "HMGB1,PML": 0.5555555555555556,
   "HMGB1,PRNP": 0.9090909090909091,
   "HMGB1,TMBIM6": 0.05649717514124294,
   "PML,PRNP": 0.7407407407407407,
   "PML,TMBIM6": 0.38461538461538464,
   "PRNP,TMBIM6": 0.9523809523809523
  }
 },
 "gene_set_to_keep_clusts": {
  "GO_CALCIUM_MEDIATED_SIGNALING": [
   1,
   2,
   3,
   4,
   5,
   6,
   7,
   9,
   10,
   11
  ],
  "GO_CYTOSOLIC_CALCIUM_ION_TRANSPORT": [
   2,
   3,
   4,
   5,
   6,
   7,
   8,
   9,
   11
  ],
  "GO_REGULATION_OF_CALCIUM_ION_TRANSPORT": [
   1,
   2,
   3,
   4,
   5,
   6,
   7,
   8,
   9,
   10,
   11
  ],
  "GO_REGULATION_OF_CALCIUM_ION_TRANSPORT_INTO_CYTOSOL": [
   2,
   3,
   4,
   5,
   6,
   7,
   8,
   9,
   11
  ],
  "GO_REGULATION_OF_CYTOSOLIC_CALCIUM_ION_CONCENTRATION": [
   1,
   2,
   3,
   4,
   5,
   6,
   7,
   8,
   9,
   10,
   11
  ],
  "GO_CALCIUM_ION_TRANSMEMBRANE_TRANSPORT": [
   1,
   2,
   3,
   4,
   5,
   6,
   7,
   8,
   9,
   10,
   11
  ],
  "GO_RESPONSE_TO_CALCIUM_ION": [
   1,
   2,
   3,
   4,
   5,
   6,
   7,
   8,
   9,
   11
  ]
 }
}