{
 "gene_set_to_genes": {
  "GO_CALCIUM_MEDIATED_SIGNALING": [
   "BCAP31",
   "CALM1",
   "CALML3",
   "CALML5",
   "HINT1",
   "PRNP",
   "PTBP1"
  ],
  "GO_CYTOSOLIC_CALCIUM_ION_TRANSPORT": [
   "CALM1",
   "CAV1",
   "PML",
   "PRNP",
   "TMBIM6"
  ],
  "GO_REGULATION_OF_CALCIUM_ION_TRANSPORT": [
   "AHNAK",
   "ANXA2",
   "CALM1",
   "CAV1",
   "GJA1",
   "PML",
   "PRNP",
   "RHOA",
   "TMBIM6",
   "TSPO"
  ],
  "GO_REGULATION_OF_CALCIUM_ION_TRANSPORT_INTO_CYTOSOL": [
   "CALM1",
   "CAV1",
   "PML",
   "PRNP",
   "TMBIM6"
  ],
  "GO_REGULATION_OF_CYTOSOLIC_CALCIUM_ION_CONCENTRATION": [
   "ANXA2",
   "BCAP31",
   "CALM1",
   "CAV1",
   "CD24",
   "GJA1",
   "GTF2I",
   "HMGB1",
   "PML",
   "PRNP",
   "TMBIM6"
  ],
  "GO_CALCIUM_ION_TRANSMEMBRANE_TRANSPORT": [
   "AHNAK",
   "ANXA2",
   "CALM1",
   "PRNP",
   "SEC61A1"
  ],
  "GO_RESPONSE_TO_CALCIUM_ION": [
   "AQP3",
   "CALM1",
   "CAV1",
   "HSPA5",
   "MT-CYB",
   "S100A16",
   "SDC1",
   "SPARC",
   "TXNIP"
  ]
 },
 "gene_set_to_pval": {
  "GO_CALCIUM_MEDIATED_SIGNALING": 0.22988505747126436,
  "GO_CYTOSOLIC_CALCIUM_ION_TRANSPORT": 0.12422360248447205,
  "GO_REGULATION_OF_CALCIUM_ION_TRANSPORT": 0.9523809523809523,
  "GO_REGULATION_OF_CALCIUM_ION_TRANSPORT_INTO_CYTOSOL": 0.15384615384615385,
  "GO_REGULATION_OF_CYTOSOLIC_CALCIUM_ION_CONCENTRATION": 0.5,
  "GO_CALCIUM_ION_TRANSMEMBRANE_TRANSPORT": 0.5405405405405406,
  "GO_RESPONSE_TO_CALCIUM_ION": 0.22727272727272727
 },
 "gene_set_to_cluster_to_pval": {
  "GO_CALCIUM_MEDIATED_SIGNALING": {
   "11": 0.17045454545454544,
   "8": 0.022727272727272728,
   "7": 0.42045454545454547,
   "9": 0.8295454545454546,
   "3": 0.8636363636363636,
   "2": 0.5113636363636364,
   "1": 0.13636363636363635,
   "10": 0.4659090909090909,
   "5": 0.25,
   "4": 0.3977272727272727,
   "6": 0.3181818181818182
  },
  "GO_CYTOSOLIC_CALCIUM_ION_TRANSPORT": {
   "11": 0.9197530864197531,
   "8": 0.8148148148148148,
   "7": 0.11728395061728394,
   "9": 0.8888888888888888,
   "3": 0.5370370370370371,
   "2": 0.06790123456790123,
   "1": 0.037037037037037035,
   "10": 0.006172839506172839,
   "5": 0.2222222222222222,
   "4": 0.6666666666666666,
   "6": 0.6666666666666666
  },
  "GO_REGULATION_OF_CALCIUM_ION_TRANSPORT": {
   "11": 0.5,
   "8": 1.0,
   "7": 0.6818181818181818,
   "9": 1.0,
   "3": 0.8181818181818182,
   "2": 0.45454545454545453,
   "1": 0.4090909090909091,
   "10": 0.09090909090909091,
   "5": 0.7272727272727273,
   "4": 0.4090909090909091,
   "6": 0.9090909090909091
  },
  "GO_REGULATION_OF_CALCIUM_ION_TRANSPORT_INTO_CYTOSOL": {
   "11": 0.9312977099236641,
   "8": 0.8320610687022901,
   "7": 0.15267175572519084,
   "9": 0.8549618320610687,
   "3": 0.6106870229007634,
   "2": 0.03816793893129771,
   "1": 0.03816793893129771,
   "10": 0.007633587786259542,
   "5": 0.19083969465648856,
   "4": 0.6793893129770993,
   "6": 0.5954198473282443
  },
  "GO_REGULATION_OF_CYTOSOLIC_CALCIUM_ION_CONCENTRATION": {
   "11": 0.8536585365853658,
   "8": 0.5609756097560976,
   "7": 0.3170731707317073,
   "9": 0.5365853658536586,
   "3": 0.6585365853658537,
   "2": 0.07317073170731707,
   "1": 0.8536585365853658,
   "10": 0.1951219512195122,
   "5": 0.4634146341463415,
   "4": 0.3170731707317073,
   "6": 0.8780487804878049
  },
  "GO_CALCIUM_ION_TRANSMEMBRANE_TRANSPORT": {
   "11": 0.7631578947368421,
   "8": 0.5526315789473685,
   "7": 0.47368421052631576,
   "9": 0.21052631578947367,
   "3": 0.9210526315789473,
   "2": 0.23684210526315788,
   "1": 0.47368421052631576,
   "10": 0.05263157894736842,
   "5": 0.3684210526315789,
   "4": 0.5526315789473685,
   "6": 0.8947368421052632
  },
  "GO_RESPONSE_TO_CALCIUM_ION": {
   "11": 0.8089887640449438,
   "8": 0.21348314606741572,
   "7": 0.29213483146067415,
   "9": 0.9775280898876404,
   "3": 0.7415730337078652,
   "2": 0.14606741573033707,
   "1": 0.33707865168539325,
   "10": 0.011235955056179775,
   "5": 0.3707865168539326,
   "4": 0.19101123595505617,
   "6": 0.8876404494382022
  }
 },
 "gene_set_to_pairwise_pvals": {},
 "gene_set_to_pairwise_clust_to_pval": {}
}