{
 "gene_set_to_genes": {
  "GO_CELL_DIVISION": [
   "CALM1",
   "CDC42",
   "CFL1",
   "CLTC",
   "CSNK1A1",
   "HNRNPU",
   "MYH9",
   "RACK1",
   "RHOA",
   "RPS3",
   "SFN",
   "TP63",
   "TUBA1B",
   "TUBA1C",
   "TXNIP"
  ],
  "GO_REGULATION_OF_CELL_DIVISION": [
   "CALM1",
   "CDC42",
   "RAB11A",
   "RACK1",
   "RHOA",
   "SFN",
   "TP63",
   "TXNIP"
  ]
 },
 "gene_set_to_pval": {
  "GO_CELL_DIVISION": 1.0,
  "GO_REGULATION_OF_CELL_DIVISION": 0.8695652173913043
 },
 "gene_set_to_cluster_to_pval": {
  "GO_CELL_DIVISION": {
   "11": 0.5238095238095238,
   "8": 0.047619047619047616,
   "7": 0.5238095238095238,
   "9": 1.0,
   "3": 1.0,
   "2": 0.5714285714285714,
   "1": 1.0,
   "10": 1.0,
   "5": 0.7142857142857143,
   "4": 0.5714285714285714,
   "6": 0.5714285714285714
  },
  "GO_REGULATION_OF_CELL_DIVISION": {
   "11": 0.375,
   "8": 0.9583333333333334,
   "7": 0.9166666666666666,
   "9": 0.5833333333333334,
   "3": 0.5416666666666666,
   "2": 0.08333333333333333,
   "1": 0.2916666666666667,
   "10": 0.75,
   "5": 0.9166666666666666,
   "4": 0.16666666666666666,
   "6": 1.0
  }
 },
 "gene_set_to_pairwise_pvals": {},
 "gene_set_to_pairwise_clust_to_pval": {}
}