{
 "gene_set_to_genes": {
  "GO_CELL_DEATH_IN_RESPONSE_TO_OXIDATIVE_STRESS": [
   "ATF4",
   "HIF1A",
   "HSPB1",
   "P4HB",
   "PML",
   "PSAP",
   "RACK1",
   "TXN"
  ],
  "GO_POSITIVE_REGULATION_OF_CELL_DEATH": [
   "C1QA",
   "CTSD",
   "GAPDH",
   "MT-CO2",
   "RACK1",
   "RPL11",
   "RPL26",
   "RPS27A",
   "RPS3",
   "RPS6",
   "RPS7",
   "S100A8",
   "S100A9",
   "SFN",
   "UBA52"
  ],
  "GO_NEGATIVE_REGULATION_OF_CELL_DEATH": [
   "CD44",
   "CD74",
   "CFL1",
   "GSTP1",
   "HSP90B1",
   "HSPB1",
   "IFI6",
   "PTMA",
   "RACK1",
   "RPS27A",
   "RPS3A",
   "RPS6",
   "SFN",
   "TPT1",
   "UBA52"
  ],
  "GO_REGULATION_OF_OXIDATIVE_STRESS_INDUCED_CELL_DEATH": [
   "ATF4",
   "HIF1A",
   "HSPB1",
   "P4HB",
   "PSAP",
   "RACK1",
   "TXN"
  ],
  "GO_REGULATION_OF_CELL_DEATH": [
   "C1QA",
   "CD74",
   "CTSD",
   "HSPB1",
   "IFI6",
   "MT-CO2",
   "PERP",
   "RPS27A",
   "RPS3",
   "RPS6",
   "S100A8",
   "S100A9",
   "SFN",
   "TPT1",
   "UBA52"
  ]
 },
 "gene_set_to_pval": {
  "GO_CELL_DEATH_IN_RESPONSE_TO_OXIDATIVE_STRESS": 0.9523809523809523,
  "GO_POSITIVE_REGULATION_OF_CELL_DEATH": 0.0001,
  "GO_NEGATIVE_REGULATION_OF_CELL_DEATH": 0.6896551724137931,
  "GO_REGULATION_OF_OXIDATIVE_STRESS_INDUCED_CELL_DEATH": 1.0,
  "GO_REGULATION_OF_CELL_DEATH": 0.0001
 },
 "gene_set_to_pairwise_pvals": {
  "GO_POSITIVE_REGULATION_OF_CELL_DEATH": {
   "C1QA,CTSD": 0.16,
   "C1QA,GAPDH": 0.5882352941176471,
   "C1QA,MT-CO2": 0.005,
   "C1QA,RACK1": 0.4444444444444444,
   "C1QA,RPL11": 0.40816326530612246,
   "C1QA,RPL26": 0.5882352941176471,
   "C1QA,RPS27A": 0.425531914893617,
   "C1QA,RPS3": 0.20408163265306123,
   "C1QA,RPS6": 0.19801980198019803,
   "C1QA,RPS7": 0.625,
   "C1QA,S100A8": 0.11627906976744186,
   "C1QA,S100A9": 0.013,
   "C1QA,SFN": 0.6896551724137931,
   "C1QA,UBA52": 0.7692307692307693,
   "CTSD,GAPDH": 0.7692307692307693,
   "CTSD,MT-CO2": 0.06825938566552901,
   "CTSD,RACK1": 0.5263157894736842,
   "CTSD,RPL11": 0.26666666666666666,
   "CTSD,RPL26": 0.8,
   "CTSD,RPS27A": 0.05917159763313609,
   "CTSD,RPS3": 0.43478260869565216,
   "CTSD,RPS6": 0.001,
   "CTSD,RPS7": 0.03284072249589491,
   "CTSD,S100A8": 0.002,
   "CTSD,S100A9": 0.001,
   "CTSD,SFN": 0.017,
   "CTSD,UBA52": 0.2,
   "GAPDH,MT-CO2": 0.002,
   "GAPDH,RACK1": 0.6666666666666666,
   "GAPDH,RPL11": 0.26666666666666666,
   "GAPDH,RPL26": 0.5882352941176471,
   "GAPDH,RPS27A": 0.07874015748031496,
   "GAPDH,RPS3": 0.07936507936507936,
   "GAPDH,RPS6": 0.14705882352941177,
   "GAPDH,RPS7": 0.10101010101010101,
   "GAPDH,S100A8": 0.2564102564102564,
   "GAPDH,S100A9": 0.5714285714285714,
   "GAPDH,SFN": 0.30303030303030304,
   "GAPDH,UBA52": 0.23529411764705882,
   "MT-CO2,RACK1": 0.015,
   "MT-CO2,RPL11": 0.16806722689075632,
   "MT-CO2,RPL26": 0.12578616352201258,
   "MT-CO2,RPS27A": 0.5,
   "MT-CO2,RPS3": 0.03316749585406302,
   "MT-CO2,RPS6": 0.2898550724637681,
   "MT-CO2,RPS7": 0.01,
   "MT-CO2,S100A8": 0.003,
   "MT-CO2,S100A9": 0.001,
   "MT-CO2,SFN": 0.001,
   "MT-CO2,UBA52": 0.028328611898016998,
   "RACK1,RPL11": 0.0966183574879227,
   "RACK1,RPL26": 0.37735849056603776,
   "RACK1,RPS27A": 0.7407407407407407,
   "RACK1,RPS3": 0.5263157894736842,
   "RACK1,RPS6": 0.055401662049861494,
   "RACK1,RPS7": 0.09259259259259259,
   "RACK1,S100A8": 0.0684931506849315,
   "RACK1,S100A9": 0.056657223796033995,
   "RACK1,SFN": 0.47619047619047616,
   "RACK1,UBA52": 0.8695652173913043,
   "RPL11,RPL26": 0.05037783375314862,
   "RPL11,RPS27A": 0.3333333333333333,
   "RPL11,RPS3": 0.6666666666666666,
   "RPL11,RPS6": 0.020512820512820513,
   "RPL11,RPS7": 0.5128205128205128,
   "RPL11,S100A8": 0.6451612903225806,
   "RPL11,S100A9": 0.025412960609911054,
   "RPL11,SFN": 0.136986301369863,
   "RPL11,UBA52": 0.9090909090909091,
   "RPL26,RPS27A": 0.011,
   "RPL26,RPS3": 0.06944444444444445,
   "RPL26,RPS6": 0.036101083032490974,
   "RPL26,RPS7": 0.24096385542168675,
   "RPL26,S100A8": 0.6896551724137931,
   "RPL26,S100A9": 1.0,
   "RPL26,SFN": 0.6060606060606061,
   "RPL26,UBA52": 0.7142857142857143,
   "RPS27A,RPS3": 0.005,
   "RPS27A,RPS6": 0.019,
   "RPS27A,RPS7": 0.005,
   "RPS27A,S100A8": 0.041237113402061855,
   "RPS27A,S100A9": 1.0,
   "RPS27A,SFN": 0.2857142857142857,
   "RPS27A,UBA52": 0.5882352941176471,
   "RPS3,RPS6": 0.13071895424836602,
   "RPS3,RPS7": 0.046511627906976744,
   "RPS3,S100A8": 0.6666666666666666,
   "RPS3,S100A9": 0.2222222222222222,
   "RPS3,SFN": 0.008,
   "RPS3,UBA52": 0.6666666666666666,
   "RPS6,RPS7": 0.14388489208633093,
   "RPS6,S100A8": 0.001,
   "RPS6,S100A9": 0.15384615384615385,
   "RPS6,SFN": 0.10101010101010101,
   "RPS6,UBA52": 0.9523809523809523,
   "RPS7,S100A8": 0.19047619047619047,
   "RPS7,S100A9": 0.3448275862068966,
   "RPS7,SFN": 0.37735849056603776,
   "RPS7,UBA52": 0.7142857142857143,
   "S100A8,S100A9": 0.625,
   "S100A8,SFN": 0.001,
   "S100A8,UBA52": 0.4444444444444444,
   "S100A9,SFN": 0.002,
   "S100A9,UBA52": 0.2898550724637681,
   "SFN,UBA52": 0.6451612903225806
  },
  "GO_REGULATION_OF_CELL_DEATH": {
   "C1QA,CD74": 0.008,
   "C1QA,CTSD": 0.16,
   "C1QA,HSPB1": 0.5882352941176471,
   "C1QA,IFI6": 0.19801980198019803,
   "C1QA,MT-CO2": 0.005,
   "C1QA,PERP": 0.06711409395973154,
   "C1QA,RPS27A": 0.425531914893617,
   "C1QA,RPS3": 0.20408163265306123,
   "C1QA,RPS6": 0.19801980198019803,
   "C1QA,S100A8": 0.11627906976744186,
   "C1QA,S100A9": 0.013,
   "C1QA,SFN": 0.6896551724137931,
   "C1QA,TPT1": 0.47619047619047616,
   "C1QA,UBA52": 0.7692307692307693,
   "CD74,CTSD": 0.5,
   "CD74,HSPB1": 0.425531914893617,
   "CD74,IFI6": 1.0,
   "CD74,MT-CO2": 1.0,
   "CD74,PERP": 0.32786885245901637,
   "CD74,RPS27A": 0.05970149253731343,
   "CD74,RPS3": 0.03780718336483932,
   "CD74,RPS6": 0.026246719160104987,
   "CD74,S100A8": 0.004,
   "CD74,S100A9": 0.5128205128205128,
   "CD74,SFN": 0.8695652173913043,
   "CD74,TPT1": 1.0,
   "CD74,UBA52": 0.36363636363636365,
   "CTSD,HSPB1": 0.006,
   "CTSD,IFI6": 0.04608294930875576,
   "CTSD,MT-CO2": 0.06825938566552901,
   "CTSD,PERP": 0.29411764705882354,
   "CTSD,RPS27A": 0.05917159763313609,
   "CTSD,RPS3": 0.43478260869565216,
   "CTSD,RPS6": 0.001,
   "CTSD,S100A8": 0.002,
   "CTSD,S100A9": 0.001,
   "CTSD,SFN": 0.017,
   "CTSD,TPT1": 0.15503875968992248,
   "CTSD,UBA52": 0.2,
   "HSPB1,IFI6": 0.7407407407407407,
   "HSPB1,MT-CO2": 0.3125,
   "HSPB1,PERP": 0.10752688172043011,
   "HSPB1,RPS27A": 0.004,
   "HSPB1,RPS3": 0.6896551724137931,
   "HSPB1,RPS6": 0.005,
   "HSPB1,S100A8": 0.05063291139240506,
   "HSPB1,S100A9": 0.02,
   "HSPB1,SFN": 0.001,
   "HSPB1,TPT1": 0.6896551724137931,
   "HSPB1,UBA52": 0.8333333333333334,
   "IFI6,MT-CO2": 1.0,
   "IFI6,PERP": 1.0,
   "IFI6,RPS27A": 1.0,
   "IFI6,RPS3": 1.0,
   "IFI6,RPS6": 0.21978021978021978,
   "IFI6,S100A8": 0.45454545454545453,
   "IFI6,S100A9": 1.0,
   "IFI6,SFN": 1.0,
   "IFI6,TPT1": 1.0,
   "IFI6,UBA52": 0.29850746268656714,
   "MT-CO2,PERP": 0.3389830508474576,
   "MT-CO2,RPS27A": 0.5,
   "MT-CO2,RPS3": 0.03316749585406302,
   "MT-CO2,RPS6": 0.2898550724637681,
   "MT-CO2,S100A8": 0.003,
   "MT-CO2,S100A9": 0.001,
   "MT-CO2,SFN": 0.001,
   "MT-CO2,TPT1": 0.9090909090909091,
   "MT-CO2,UBA52": 0.028328611898016998,
   "PERP,RPS27A": 0.19607843137254902,
   "PERP,RPS3": 0.3448275862068966,
   "PERP,RPS6": 0.25316455696202533,
   "PERP,S100A8": 0.021715526601520086,
   "PERP,S100A9": 0.015,
   "PERP,SFN": 0.057803468208092484,
   "PERP,TPT1": 0.4,
   "PERP,UBA52": 0.5555555555555556,
   "RPS27A,RPS3": 0.005,
   "RPS27A,RPS6": 0.019,
   "RPS27A,S100A8": 0.041237113402061855,
   "RPS27A,S100A9": 1.0,
   "RPS27A,SFN": 0.2857142857142857,
   "RPS27A,TPT1": 0.8333333333333334,
   "RPS27A,UBA52": 0.5882352941176471,
   "RPS3,RPS6": 0.13071895424836602,
   "RPS3,S100A8": 0.6666666666666666,
   "RPS3,S100A9": 0.2222222222222222,
   "RPS3,SFN": 0.008,
   "RPS3,TPT1": 1.0,
   "RPS3,UBA52": 0.6666666666666666,
   "RPS6,S100A8": 0.001,
   "RPS6,S100A9": 0.15384615384615385,
   "RPS6,SFN": 0.10101010101010101,
   "RPS6,TPT1": 1.0,