{
 "gene_set_to_genes": {
  "GO_DNA_REPAIR": [
   "ACTR2",
   "HMGA1",
   "HMGB1",
   "ISG15",
   "NOP53",
   "NUCKS1",
   "PML",
   "POLR2L",
   "RPS27A",
   "RPS3",
   "SAMHD1",
   "UBA52",
   "UBB",
   "UBC",
   "UBE2D3"
  ],
  "GO_DNA_SYNTHESIS_INVOLVED_IN_DNA_REPAIR": [
   "ISG15",
   "RPS27A",
   "UBA52",
   "UBB",
   "UBC"
  ]
 },
 "gene_set_to_pval": {
  "GO_DNA_REPAIR": 0.16806722689075632,
  "GO_DNA_SYNTHESIS_INVOLVED_IN_DNA_REPAIR": 0.5263157894736842
 },
 "gene_set_to_cluster_to_pval": {
  "GO_DNA_REPAIR": {
   "11": 0.9416666666666667,
   "8": 0.05,
   "7": 0.25833333333333336,
   "9": 0.43333333333333335,
   "3": 0.9416666666666667,
   "2": 0.10833333333333334,
   "1": 0.2,
   "10": 0.425,
   "5": 0.4083333333333333,
   "4": 0.525,
   "6": 0.15
  },
  "GO_DNA_SYNTHESIS_INVOLVED_IN_DNA_REPAIR": {
   "11": 0.5384615384615384,
   "8": 0.8461538461538461,
   "7": 0.5128205128205128,
   "9": 0.717948717948718,
   "3": 0.6153846153846154,
   "2": 0.38461538461538464,
   "1": 0.46153846153846156,
   "10": 0.05128205128205128,
   "5": 0.5128205128205128,
   "4": 0.358974358974359,
   "6": 0.5897435897435898
  }
 },
 "gene_set_to_pairwise_pvals": {},
 "gene_set_to_pairwise_clust_to_pval": {}
}