{
 "gene_set_to_genes": {
  "GO_POSTREPLICATION_REPAIR": [
   "ISG15",
   "RPS27A",
   "UBA52",
   "UBB",
   "UBC"
  ],
  "GO_DNA_REPLICATION": [
   "CDC42",
   "HMGA1",
   "NUCKS1",
   "RAC1",
   "S100A11",
   "SAMHD1"
  ]
 },
 "gene_set_to_pval": {
  "GO_POSTREPLICATION_REPAIR": 0.28169014084507044,
  "GO_DNA_REPLICATION": 0.5128205128205128
 },
 "gene_set_to_cluster_to_pval": {
  "GO_POSTREPLICATION_REPAIR": {
   "11": 0.3611111111111111,
   "8": 0.9027777777777778,
   "7": 0.4722222222222222,
   "9": 0.5694444444444444,
   "3": 0.5694444444444444,
   "2": 0.4305555555555556,
   "1": 0.4027777777777778,
   "10": 0.027777777777777776,
   "5": 0.3888888888888889,
   "4": 0.3611111111111111,
   "6": 0.5138888888888888
  },
  "GO_DNA_REPLICATION": {
   "11": 0.7,
   "8": 0.075,
   "7": 0.85,
   "9": 0.55,
   "3": 0.3,
   "2": 0.925,
   "1": 0.625,
   "10": 0.15,
   "5": 0.675,
   "4": 0.3,
   "6": 0.575
  }
 },
 "gene_set_to_pairwise_pvals": {},
 "gene_set_to_pairwise_clust_to_pval": {}
}