{
 "gene_set_to_genes": {
  "GO_REGULATION_OF_EPIDERMIS_DEVELOPMENT": [
   "AQP3",
   "CDH3",
   "CDSN",
   "KRT10",
   "KRT17",
   "KRT2",
   "SERPINB13",
   "SFN",
   "SPINK5",
   "TP63"
  ],
  "GO_EPIDERMIS_DEVELOPMENT": [
   "FABP5",
   "KRT1",
   "KRT10",
   "KRT14",
   "KRT16",
   "KRT17",
   "KRT5",
   "KRT6A",
   "KRT6B",
   "KRT6C",
   "KRTDAP",
   "PERP",
   "S100A7",
   "SFN",
   "SPRR1B"
  ]
 },
 "gene_set_to_pval": {
  "GO_REGULATION_OF_EPIDERMIS_DEVELOPMENT": 0.0001,
  "GO_EPIDERMIS_DEVELOPMENT": 0.0001
 },
 "gene_set_to_pairwise_pvals": {
  "GO_REGULATION_OF_EPIDERMIS_DEVELOPMENT": {
   "AQP3,CDH3": 0.6666666666666666,
   "AQP3,CDSN": 1.0,
   "AQP3,KRT10": 0.2247191011235955,
   "AQP3,KRT17": 0.5128205128205128,
   "AQP3,KRT2": 0.3508771929824561,
   "AQP3,SERPINB13": 0.19047619047619047,
   "AQP3,SFN": 1.0,
   "AQP3,SPINK5": 0.14492753623188406,
   "AQP3,TP63": 0.46511627906976744,
   "CDH3,CDSN": 0.5555555555555556,
   "CDH3,KRT10": 0.9090909090909091,
   "CDH3,KRT17": 0.2857142857142857,
   "CDH3,KRT2": 0.4878048780487805,
   "CDH3,SERPINB13": 0.9090909090909091,
   "CDH3,SFN": 0.7142857142857143,
   "CDH3,SPINK5": 0.5,
   "CDH3,TP63": 0.15037593984962405,
   "CDSN,KRT10": 0.8333333333333334,
   "CDSN,KRT17": 0.3225806451612903,
   "CDSN,KRT2": 0.2898550724637681,
   "CDSN,SERPINB13": 0.15503875968992248,
   "CDSN,SFN": 0.3125,
   "CDSN,SPINK5": 0.9090909090909091,
   "CDSN,TP63": 0.12903225806451613,
   "KRT10,KRT17": 0.09615384615384616,
   "KRT10,KRT2": 0.8695652173913043,
   "KRT10,SERPINB13": 0.8695652173913043,
   "KRT10,SFN": 0.15503875968992248,
   "KRT10,SPINK5": 0.20618556701030927,
   "KRT10,TP63": 0.4166666666666667,
   "KRT17,KRT2": 0.2222222222222222,
   "KRT17,SERPINB13": 0.5,
   "KRT17,SFN": 0.21505376344086022,
   "KRT17,SPINK5": 0.47619047619047616,
   "KRT17,TP63": 0.43478260869565216,
   "KRT2,SERPINB13": 0.9090909090909091,
   "KRT2,SFN": 0.9090909090909091,
   "KRT2,SPINK5": 0.21505376344086022,
   "KRT2,TP63": 0.9090909090909091,
   "SERPINB13,SFN": 0.4444444444444444,
   "SERPINB13,SPINK5": 0.8,
   "SERPINB13,TP63": 0.9523809523809523,
   "SFN,SPINK5": 0.16260162601626016,
   "SFN,TP63": 0.2898550724637681,
   "SPINK5,TP63": 0.7692307692307693
  },
  "GO_EPIDERMIS_DEVELOPMENT": {
   "FABP5,KRT1": 0.5555555555555556,
   "FABP5,KRT10": 0.16129032258064516,
   "FABP5,KRT14": 0.45454545454545453,
   "FABP5,KRT16": 0.10752688172043011,
   "FABP5,KRT17": 0.6060606060606061,
   "FABP5,KRT5": 1.0,
   "FABP5,KRT6A": 1.0,
   "FABP5,KRT6B": 0.8695652173913043,
   "FABP5,KRT6C": 0.30303030303030304,
   "FABP5,KRTDAP": 0.035650623885918005,
   "FABP5,PERP": 0.9523809523809523,
   "FABP5,S100A7": 0.29850746268656714,
   "FABP5,SFN": 0.8333333333333334,
   "FABP5,SPRR1B": 0.8695652173913043,
   "KRT1,KRT10": 0.001,
   "KRT1,KRT14": 0.46511627906976744,
   "KRT1,KRT16": 0.14084507042253522,
   "KRT1,KRT17": 0.8695652173913043,
   "KRT1,KRT5": 0.273972602739726,
   "KRT1,KRT6A": 0.8,
   "KRT1,KRT6B": 0.072992700729927,
   "KRT1,KRT6C": 0.5263157894736842,
   "KRT1,KRTDAP": 0.04950495049504951,
   "KRT1,PERP": 0.2898550724637681,
   "KRT1,S100A7": 0.17543859649122806,
   "KRT1,SFN": 0.23529411764705882,
   "KRT1,SPRR1B": 0.10638297872340426,
   "KRT10,KRT14": 0.08333333333333333,
   "KRT10,KRT16": 0.425531914893617,
   "KRT10,KRT17": 0.09615384615384616,
   "KRT10,KRT5": 0.10309278350515463,
   "KRT10,KRT6A": 0.5882352941176471,
   "KRT10,KRT6B": 0.4166666666666667,
   "KRT10,KRT6C": 0.055865921787709494,
   "KRT10,KRTDAP": 0.24096385542168675,
   "KRT10,PERP": 0.9090909090909091,
   "KRT10,S100A7": 0.005,
   "KRT10,SFN": 0.15503875968992248,
   "KRT10,SPRR1B": 0.6896551724137931,
   "KRT14,KRT16": 0.23809523809523808,
   "KRT14,KRT17": 0.15873015873015872,
   "KRT14,KRT5": 0.8695652173913043,
   "KRT14,KRT6A": 0.2631578947368421,
   "KRT14,KRT6B": 0.16260162601626016,
   "KRT14,KRT6C": 0.11494252873563218,
   "KRT14,KRTDAP": 0.012,
   "KRT14,PERP": 0.6060606060606061,
   "KRT14,S100A7": 0.06430868167202572,
   "KRT14,SFN": 0.136986301369863,
   "KRT14,SPRR1B": 0.013,
   "KRT16,KRT17": 0.001,
   "KRT16,KRT5": 0.1724137931034483,
   "KRT16,KRT6A": 0.056338028169014086,
   "KRT16,KRT6B": 0.003,
   "KRT16,KRT6C": 0.001,
   "KRT16,KRTDAP": 0.1834862385321101,
   "KRT16,PERP": 0.033783783783783786,
   "KRT16,S100A7": 0.005,
   "KRT16,SFN": 0.29411764705882354,
   "KRT16,SPRR1B": 0.15873015873015872,
   "KRT17,KRT5": 0.09009009009009009,
   "KRT17,KRT6A": 0.2564102564102564,
   "KRT17,KRT6B": 0.003,
   "KRT17,KRT6C": 0.011,
   "KRT17,KRTDAP": 0.29411764705882354,
   "KRT17,PERP": 0.40816326530612246,
   "KRT17,S100A7": 0.273972602739726,
   "KRT17,SFN": 0.21505376344086022,
   "KRT17,SPRR1B": 0.9090909090909091,
   "KRT5,KRT6A": 0.6666666666666666,
   "KRT5,KRT6B": 0.03367003367003367,
   "KRT5,KRT6C": 0.08771929824561403,
   "KRT5,KRTDAP": 0.2,
   "KRT5,PERP": 0.12903225806451613,
   "KRT5,S100A7": 0.4878048780487805,
   "KRT5,SFN": 0.23255813953488372,
   "KRT5,SPRR1B": 0.7142857142857143,
   "KRT6A,KRT6B": 0.28169014084507044,
   "KRT6A,KRT6C": 0.17094017094017094,
   "KRT6A,KRTDAP": 0.8,
   "KRT6A,PERP": 0.4878048780487805,
   "KRT6A,S100A7": 0.6666666666666666,
   "KRT6A,SFN": 0.37735849056603776,
   "KRT6A,SPRR1B": 1.0,
   "KRT6B,KRT6C": 0.001,
   "KRT6B,KRTDAP": 0.39215686274509803,
   "KRT6B,PERP": 0.43478260869565216,
   "KRT6B,S100A7": 0.4878048780487805,
   "KRT6B,SFN": 0.0823045267489712,
   "KRT6B,SPRR1B": 0.7142857142857143,
   "KRT6C,KRTDAP": 0.9090909090909091,
   "KRT6C,PERP": 0.8333333333333334,
   "KRT6C,S100A7": 0.078125,
   "KRT6C,SFN": 0.273972602739726,
   "KRT6C,SPRR1B": 0.1834862385321101,
   "KRTDAP,PERP": 0.9090909090909091,
   "KRTDAP,S100A7": 0.7142857142857143,
   "KRTDAP,SFN": 0.6896551724137931,
   "KRTDAP,SPRR1B": 0.26666666666666666,
   "PERP,S100A7": 0.6666666666666666,
   "PERP,SFN": 0.37037037037037035,
   "PERP,SPRR1B": 0.4878048780487805,
   "S100A7,SFN": 0.5714285714285714,
   "S100A7,SPRR1B": 0.5128205128205128,
   "SFN,SPRR1B": 0.7142857142857143
  }
 },
 "gene_set_to_keep_clusts": {
  "GO_REGULATION_OF_EPIDERMIS_DEVELOPMENT": [
   1,
   2,
   3,
   4,
   5,
   6,
   7,
   10,
   11
  ],
  "GO_EPIDERMIS_DEVELOPMENT": [
   1,
   3,
   4,
   5,
   6,
   7,
   10
  ]
 }
}