{
 "gene_set_to_genes": {
  "GO_RESPONSE_TO_FIBROBLAST_GROWTH_FACTOR": [
   "CD44",
   "COL1A1",
   "HNRNPA1",
   "HNRNPH1",
   "HNRNPM",
   "POLR2L",
   "PTBP1"
  ],
  "GO_FIBROBLAST_GROWTH_FACTOR_RECEPTOR_SIGNALING_PATHWAY": [
   "HNRNPA1",
   "HNRNPH1",
   "HNRNPM",
   "POLR2L",
   "PTBP1"
  ],
  "GO_FIBROBLAST_PROLIFERATION": [
   "ANXA2",
   "CD74",
   "FTH1",
   "GSTP1",
   "PML",
   "S100A6"
  ]
 },
 "gene_set_to_pval": {
  "GO_RESPONSE_TO_FIBROBLAST_GROWTH_FACTOR": 0.04975124378109453,
  "GO_FIBROBLAST_GROWTH_FACTOR_RECEPTOR_SIGNALING_PATHWAY": 0.13157894736842105,
  "GO_FIBROBLAST_PROLIFERATION": 0.010432968179447054
 },
 "gene_set_to_pairwise_pvals": {
  "GO_RESPONSE_TO_FIBROBLAST_GROWTH_FACTOR": {
   "CD44,COL1A1": 0.45454545454545453,
   "CD44,HNRNPA1": 0.10050251256281408,
   "CD44,HNRNPH1": 0.30303030303030304,
   "CD44,HNRNPM": 0.033444816053511704,
   "CD44,POLR2L": 0.02976190476190476,
   "CD44,PTBP1": 0.7142857142857143,
   "COL1A1,HNRNPA1": 0.25316455696202533,
   "COL1A1,HNRNPH1": 0.3125,
   "COL1A1,HNRNPM": 0.5405405405405406,
   "COL1A1,POLR2L": 0.3076923076923077,
   "COL1A1,PTBP1": 0.05361930294906166,
   "HNRNPA1,HNRNPH1": 0.29850746268656714,
   "HNRNPA1,HNRNPM": 0.004,
   "HNRNPA1,POLR2L": 0.6060606060606061,
   "HNRNPA1,PTBP1": 0.07168458781362007,
   "HNRNPH1,HNRNPM": 0.7142857142857143,
   "HNRNPH1,POLR2L": 0.8333333333333334,
   "HNRNPH1,PTBP1": 0.5882352941176471,
   "HNRNPM,POLR2L": 0.5405405405405406,
   "HNRNPM,PTBP1": 0.3389830508474576,
   "POLR2L,PTBP1": 0.3508771929824561
  },
  "GO_FIBROBLAST_PROLIFERATION": {
   "ANXA2,CD74": 0.3508771929824561,
   "ANXA2,FTH1": 0.7692307692307693,
   "ANXA2,GSTP1": 0.031496062992125984,
   "ANXA2,PML": 0.46511627906976744,
   "ANXA2,S100A6": 0.006,
   "CD74,FTH1": 0.001,
   "CD74,GSTP1": 0.47619047619047616,
   "CD74,PML": 0.3508771929824561,
   "CD74,S100A6": 1.0,
   "FTH1,GSTP1": 1.0,
   "FTH1,PML": 0.034071550255536626,
   "FTH1,S100A6": 1.0,
   "GSTP1,PML": 0.14705882352941177,
   "GSTP1,S100A6": 0.023952095808383235,
   "PML,S100A6": 0.17391304347826086
  }
 },
 "gene_set_to_keep_clusts": {
  "GO_RESPONSE_TO_FIBROBLAST_GROWTH_FACTOR": [
   1,
   2,
   3,
   4,
   5,
   6,
   7,
   8,
   9,
   10,
   11
  ],
  "GO_FIBROBLAST_GROWTH_FACTOR_RECEPTOR_SIGNALING_PATHWAY": [
   1,
   2,
   3,
   4,
   5,
   6,
   7,
   8,
   9,
   10,
   11
  ],
  "GO_FIBROBLAST_PROLIFERATION": [
   2,
   3,
   4,
   5,
   6,
   7,
   8,
   9,
   10,
   11
  ]
 }
}