{
 "gene_set_to_genes": {
  "GO_RESPONSE_TO_FIBROBLAST_GROWTH_FACTOR": [
   "CD44",
   "COL1A1",
   "HNRNPA1",
   "HNRNPH1",
   "HNRNPM",
   "POLR2L",
   "PTBP1"
  ],
  "GO_FIBROBLAST_GROWTH_FACTOR_RECEPTOR_SIGNALING_PATHWAY": [
   "HNRNPA1",
   "HNRNPH1",
   "HNRNPM",
   "POLR2L",
   "PTBP1"
  ],
  "GO_FIBROBLAST_PROLIFERATION": [
   "ANXA2",
   "CD74",
   "FTH1",
   "GSTP1",
   "PML",
   "S100A6"
  ]
 },
 "gene_set_to_pval": {
  "GO_RESPONSE_TO_FIBROBLAST_GROWTH_FACTOR": 0.6060606060606061,
  "GO_FIBROBLAST_GROWTH_FACTOR_RECEPTOR_SIGNALING_PATHWAY": 0.1834862385321101,
  "GO_FIBROBLAST_PROLIFERATION": 0.08620689655172414
 },
 "gene_set_to_cluster_to_pval": {
  "GO_RESPONSE_TO_FIBROBLAST_GROWTH_FACTOR": {
   "11": 0.7941176470588235,
   "8": 0.14705882352941177,
   "7": 0.7647058823529411,
   "9": 0.9117647058823529,
   "3": 0.20588235294117646,
   "2": 0.9411764705882353,
   "1": 0.5588235294117647,
   "10": 0.5294117647058824,
   "5": 0.29411764705882354,
   "4": 0.8823529411764706,
   "6": 0.5
  },
  "GO_FIBROBLAST_GROWTH_FACTOR_RECEPTOR_SIGNALING_PATHWAY": {
   "11": 0.7,
   "8": 0.09090909090909091,
   "7": 0.8363636363636363,
   "9": 0.17272727272727273,
   "3": 0.33636363636363636,
   "2": 0.8363636363636363,
   "1": 0.2545454545454545,
   "10": 0.15454545454545454,
   "5": 0.44545454545454544,
   "4": 0.4090909090909091,
   "6": 0.12727272727272726
  },
  "GO_FIBROBLAST_PROLIFERATION": {
   "11": 0.9699570815450643,
   "8": 0.11158798283261803,
   "7": 0.26609442060085836,
   "9": 0.2145922746781116,
   "3": 0.6437768240343348,
   "2": 0.0944206008583691,
   "1": 0.02575107296137339,
   "10": 0.1459227467811159,
   "5": 0.9141630901287554,
   "4": 0.4334763948497854,
   "6": 0.5278969957081545
  }
 },
 "gene_set_to_pairwise_pvals": {},
 "gene_set_to_pairwise_clust_to_pval": {}
}