{
 "gene_set_to_genes": {
  "GO_REGULATION_OF_TRANSCRIPTION_FROM_RNA_POLYMERASE_II_PROMOTER_IN_RESPONSE_TO_HYPOXIA": [
   "HIF1A",
   "PSMA1",
   "PSMA4",
   "PSMB1",
   "PSMB3",
   "PSMB9",
   "PSME2",
   "RPS27A",
   "UBA52",
   "UBB",
   "UBC"
  ]
 },
 "gene_set_to_pval": {
  "GO_REGULATION_OF_TRANSCRIPTION_FROM_RNA_POLYMERASE_II_PROMOTER_IN_RESPONSE_TO_HYPOXIA": 0.6666666666666666
 },
 "gene_set_to_cluster_to_pval": {
  "GO_REGULATION_OF_TRANSCRIPTION_FROM_RNA_POLYMERASE_II_PROMOTER_IN_RESPONSE_TO_HYPOXIA": {
   "11": 0.7096774193548387,
   "8": 0.9032258064516129,
   "7": 0.41935483870967744,
   "9": 0.8709677419354839,
   "3": 0.45161290322580644,
   "2": 0.22580645161290322,
   "1": 0.967741935483871,
   "10": 0.6451612903225806,
   "5": 0.6774193548387096,
   "4": 0.12903225806451613,
   "6": 0.5806451612903226
  }
 },
 "gene_set_to_pairwise_pvals": {},
 "gene_set_to_pairwise_clust_to_pval": {}
}