{
 "gene_set_to_genes": {
  "GO_RESPONSE_TO_INTERLEUKIN_4": [
   "HSP90AB1",
   "HSPA5",
   "IMPDH2",
   "JAK3",
   "PML",
   "RPL3",
   "RPS2",
   "TUBA1B",
   "XBP1"
  ],
  "GO_INTERLEUKIN_1_PRODUCTION": [
   "ANXA1",
   "APP",
   "GSTP1",
   "HMGB1",
   "HSPB1",
   "IFI16",
   "PML"
  ],
  "GO_RESPONSE_TO_INTERLEUKIN_1": [
   "ANXA1",
   "APP",
   "CEBPB",
   "HIF1A",
   "PSMA1",
   "PSMA4",
   "PSMB1",
   "PSMB3",
   "PSMB9",
   "PSME2",
   "RPS27A",
   "SKP1",
   "UBA52",
   "UBB",
   "UBC"
  ],
  "GO_INTERLEUKIN_1_MEDIATED_SIGNALING_PATHWAY": [
   "PSMA1",
   "PSMA4",
   "PSMB1",
   "PSMB3",
   "PSMB9",
   "PSME2",
   "RPS27A",
   "SKP1",
   "UBA52",
   "UBB",
   "UBC"
  ],
  "GO_INTERLEUKIN_1_BETA_PRODUCTION": [
   "APP",
   "GSTP1",
   "HMGB1",
   "HSPB1",
   "IFI16",
   "PML"
  ],
  "GO_INTERLEUKIN_6_PRODUCTION": [
   "APP",
   "CD74",
   "CEBPB",
   "HMGB1",
   "XBP1"
  ],
  "GO_RESPONSE_TO_INTERLEUKIN_12": [
   "ANXA2",
   "CDC42",
   "CFL1",
   "HNRNPA2B1",
   "P4HB",
   "PPIA",
   "PSME2",
   "RPLP0"
  ]
 },
 "gene_set_to_pval": {
  "GO_RESPONSE_TO_INTERLEUKIN_4": 0.6666666666666666,
  "GO_INTERLEUKIN_1_PRODUCTION": 0.07194244604316546,
  "GO_RESPONSE_TO_INTERLEUKIN_1": 0.625,
  "GO_INTERLEUKIN_1_MEDIATED_SIGNALING_PATHWAY": 0.25316455696202533,
  "GO_INTERLEUKIN_1_BETA_PRODUCTION": 0.17699115044247787,
  "GO_INTERLEUKIN_6_PRODUCTION": 0.37037037037037035,
  "GO_RESPONSE_TO_INTERLEUKIN_12": 0.46511627906976744
 },
 "gene_set_to_cluster_to_pval": {
  "GO_RESPONSE_TO_INTERLEUKIN_4": {
   "11": 0.6451612903225806,
   "8": 0.0967741935483871,
   "7": 0.8064516129032258,
   "9": 0.8387096774193549,
   "3": 0.9354838709677419,
   "2": 0.16129032258064516,
   "1": 0.5806451612903226,
   "10": 0.16129032258064516,
   "5": 1.0,
   "4": 0.12903225806451613,
   "6": 0.03225806451612903
  },
  "GO_INTERLEUKIN_1_PRODUCTION": {
   "11": 0.7275985663082437,
   "8": 0.15412186379928317,
   "7": 0.8387096774193549,
   "9": 0.010752688172043012,
   "3": 0.7132616487455197,
   "2": 0.0035842293906810036,
   "1": 0.2616487455197133,
   "10": 0.2007168458781362,
   "5": 0.6989247311827957,
   "4": 0.4444444444444444,
   "6": 0.956989247311828
  },
  "GO_RESPONSE_TO_INTERLEUKIN_1": {
   "11": 0.48484848484848486,
   "8": 0.21212121212121213,
   "7": 0.7878787878787878,
   "9": 0.8181818181818182,
   "3": 0.6666666666666666,
   "2": 0.3939393939393939,
   "1": 0.9090909090909091,
   "10": 0.5757575757575758,
   "5": 0.5757575757575758,
   "4": 0.12121212121212122,
   "6": 0.5757575757575758
  },
  "GO_INTERLEUKIN_1_MEDIATED_SIGNALING_PATHWAY": {
   "11": 0.8,
   "8": 0.6,
   "7": 0.175,
   "9": 0.775,
   "3": 0.5,
   "2": 0.15,
   "1": 0.8625,
   "10": 0.4625,
   "5": 0.3125,
   "4": 0.075,
   "6": 0.5
  },
  "GO_INTERLEUKIN_1_BETA_PRODUCTION": {
   "11": 0.8333333333333334,
   "8": 0.24561403508771928,
   "7": 0.8245614035087719,
   "9": 0.008771929824561403,
   "3": 0.6666666666666666,
   "2": 0.008771929824561403,
   "1": 0.2543859649122807,
   "10": 0.17543859649122806,
   "5": 0.7982456140350878,
   "4": 0.631578947368421,
   "6": 0.956140350877193
  },
  "GO_INTERLEUKIN_6_PRODUCTION": {
   "11": 0.5454545454545454,
   "8": 0.09090909090909091,
   "7": 0.8909090909090909,
   "9": 0.12727272727272726,
   "3": 0.2,
   "2": 0.14545454545454545,
   "1": 0.4,
   "10": 0.2545454545454545,
   "5": 0.34545454545454546,
   "4": 0.8909090909090909,
   "6": 0.9272727272727272
  },
  "GO_RESPONSE_TO_INTERLEUKIN_12": {
   "11": 1.0,
   "8": 0.29545454545454547,
   "7": 0.5,
   "9": 0.4772727272727273,
   "3": 0.6363636363636364,
   "2": 0.7727272727272727,
   "1": 0.6136363636363636,
   "10": 0.18181818181818182,
   "5": 0.11363636363636363,
   "4": 0.36363636363636365,
   "6": 0.9545454545454546
  }
 },
 "gene_set_to_pairwise_pvals": {},
 "gene_set_to_pairwise_clust_to_pval": {}
}