{
 "gene_set_to_genes": {
  "GO_RESPONSE_TO_INTERLEUKIN_4": [
   "HSP90AB1",
   "HSPA5",
   "IMPDH2",
   "JAK3",
   "PML",
   "RPL3",
   "RPS2",
   "TUBA1B",
   "XBP1"
  ],
  "GO_INTERLEUKIN_1_PRODUCTION": [
   "ANXA1",
   "APP",
   "GSTP1",
   "HMGB1",
   "HSPB1",
   "IFI16",
   "PML"
  ],
  "GO_RESPONSE_TO_INTERLEUKIN_1": [
   "ANXA1",
   "APP",
   "CEBPB",
   "HIF1A",
   "PSMA1",
   "PSMA4",
   "PSMB1",
   "PSMB3",
   "PSMB9",
   "PSME2",
   "RPS27A",
   "SKP1",
   "UBA52",
   "UBB",
   "UBC"
  ],
  "GO_INTERLEUKIN_1_MEDIATED_SIGNALING_PATHWAY": [
   "PSMA1",
   "PSMA4",
   "PSMB1",
   "PSMB3",
   "PSMB9",
   "PSME2",
   "RPS27A",
   "SKP1",
   "UBA52",
   "UBB",
   "UBC"
  ],
  "GO_INTERLEUKIN_1_BETA_PRODUCTION": [
   "APP",
   "GSTP1",
   "HMGB1",
   "HSPB1",
   "IFI16",
   "PML"
  ],
  "GO_INTERLEUKIN_6_PRODUCTION": [
   "APP",
   "CD74",
   "CEBPB",
   "HMGB1",
   "XBP1"
  ],
  "GO_RESPONSE_TO_INTERLEUKIN_12": [
   "ANXA2",
   "CDC42",
   "CFL1",
   "HNRNPA2B1",
   "P4HB",
   "PPIA",
   "PSME2",
   "RPLP0"
  ]
 },
 "gene_set_to_pval": {
  "GO_RESPONSE_TO_INTERLEUKIN_4": 0.0007,
  "GO_INTERLEUKIN_1_PRODUCTION": 0.3508771929824561,
  "GO_RESPONSE_TO_INTERLEUKIN_1": 0.24096385542168675,
  "GO_INTERLEUKIN_1_MEDIATED_SIGNALING_PATHWAY": 0.3448275862068966,
  "GO_INTERLEUKIN_1_BETA_PRODUCTION": 0.03139717425431711,
  "GO_INTERLEUKIN_6_PRODUCTION": 0.8,
  "GO_RESPONSE_TO_INTERLEUKIN_12": 0.37735849056603776
 },
 "gene_set_to_pairwise_pvals": {
  "GO_RESPONSE_TO_INTERLEUKIN_4": {
   "HSP90AB1,HSPA5": 0.04073319755600815,
   "HSP90AB1,IMPDH2": 0.37735849056603776,
   "HSP90AB1,JAK3": 0.6666666666666666,
   "HSP90AB1,PML": 1.0,
   "HSP90AB1,RPL3": 0.022988505747126436,
   "HSP90AB1,RPS2": 0.26666666666666666,
   "HSP90AB1,TUBA1B": 0.43478260869565216,
   "HSP90AB1,XBP1": 0.02617801047120419,
   "HSPA5,IMPDH2": 0.5714285714285714,
   "HSPA5,JAK3": 0.06779661016949153,
   "HSPA5,PML": 1.0,
   "HSPA5,RPL3": 0.3448275862068966,
   "HSPA5,RPS2": 0.3333333333333333,
   "HSPA5,TUBA1B": 0.5405405405405406,
   "HSPA5,XBP1": 0.5263157894736842,
   "IMPDH2,JAK3": 0.6666666666666666,
   "IMPDH2,PML": 0.8695652173913043,
   "IMPDH2,RPL3": 0.22727272727272727,
   "IMPDH2,RPS2": 0.5882352941176471,
   "IMPDH2,TUBA1B": 0.8695652173913043,
   "IMPDH2,XBP1": 0.15267175572519084,
   "JAK3,PML": 0.7142857142857143,
   "JAK3,RPL3": 0.8695652173913043,
   "JAK3,RPS2": 1.0,
   "JAK3,TUBA1B": 0.03802281368821293,
   "JAK3,XBP1": 0.32786885245901637,
   "PML,RPL3": 0.5405405405405406,
   "PML,RPS2": 0.8695652173913043,
   "PML,TUBA1B": 0.9090909090909091,
   "PML,XBP1": 1.0,
   "RPL3,RPS2": 0.05865102639296188,
   "RPL3,TUBA1B": 0.273972602739726,
   "RPL3,XBP1": 0.9090909090909091,
   "RPS2,TUBA1B": 0.0706713780918728,
   "RPS2,XBP1": 0.8333333333333334,
   "TUBA1B,XBP1": 0.08163265306122448
  },
  "GO_INTERLEUKIN_1_BETA_PRODUCTION": {
   "APP,GSTP1": 0.8695652173913043,
   "APP,HMGB1": 0.6896551724137931,
   "APP,HSPB1": 0.6666666666666666,
   "APP,IFI16": 0.6666666666666666,
   "APP,PML": 0.8,
   "GSTP1,HMGB1": 0.9090909090909091,
   "GSTP1,HSPB1": 0.625,
   "GSTP1,IFI16": 0.29411764705882354,
   "GSTP1,PML": 0.7142857142857143,
   "HMGB1,HSPB1": 0.6896551724137931,
   "HMGB1,IFI16": 0.3389830508474576,
   "HMGB1,PML": 0.5128205128205128,
   "HSPB1,IFI16": 0.37735849056603776,
   "HSPB1,PML": 0.5714285714285714,
   "IFI16,PML": 0.04962779156327544
  }
 },
 "gene_set_to_keep_clusts": {
  "GO_RESPONSE_TO_INTERLEUKIN_4": [
   1,
   2,
   3,
   4,
   5,
   7,
   8,
   9,
   10,
   11
  ],
  "GO_INTERLEUKIN_1_PRODUCTION": [
   1,
   3,
   4,
   5,
   6,
   7,
   8,
   10,
   11
  ],
  "GO_RESPONSE_TO_INTERLEUKIN_1": [
   1,
   2,
   3,
   4,
   5,
   6,
   7,
   8,
   9,
   10,
   11
  ],
  "GO_INTERLEUKIN_1_MEDIATED_SIGNALING_PATHWAY": [
   1,
   2,
   3,
   4,
   5,
   6,
   7,
   8,
   9,
   10,
   11
  ],
  "GO_INTERLEUKIN_1_BETA_PRODUCTION": [
   1,
   3,
   4,
   5,
   6,
   7,
   8,
   10,
   11
  ],
  "GO_INTERLEUKIN_6_PRODUCTION": [
   1,
   2,
   3,
   4,
   5,
   6,
   7,
   8,
   9,
   10,
   11
  ],
  "GO_RESPONSE_TO_INTERLEUKIN_12": [
   1,
   2,
   3,
   4,
   5,
   6,
   7,
   8,
   9,
   10,
   11
  ]
 }
}