{
 "gene_set_to_genes": {
  "GO_POSITIVE_REGULATION_OF_TYPE_I_INTERFERON_PRODUCTION": [
   "DDX3X",
   "HMGB1",
   "IFI16",
   "POLR2L",
   "STAT1"
  ],
  "GO_RESPONSE_TO_TYPE_I_INTERFERON": [
   "BST2",
   "HLA-E",
   "HSP90AB1",
   "IFI27",
   "IFI6",
   "IFITM3",
   "ISG15",
   "SAMHD1",
   "STAT1",
   "STAT2",
   "XAF1"
  ],
  "GO_RESPONSE_TO_INTERFERON_BETA": [
   "BST2",
   "IFI16",
   "IFITM3",
   "NDUFA13",
   "STAT1",
   "XAF1"
  ],
  "GO_INTERFERON_GAMMA_MEDIATED_SIGNALING_PATHWAY": [
   "B2M",
   "CD44",
   "HLA-DPA1",
   "HLA-DRA",
   "HLA-E",
   "HSP90AB1",
   "MT2A",
   "PML",
   "STAT1"
  ],
  "GO_RESPONSE_TO_INTERFERON_GAMMA": [
   "ACTG1",
   "B2M",
   "BST2",
   "CD44",
   "CDC42",
   "GAPDH",
   "HLA-DPA1",
   "HLA-DRA",
   "HLA-E",
   "HSP90AB1",
   "IFITM3",
   "RPL13A",
   "SEC61A1",
   "STAT1",
   "VIM"
  ],
  "GO_TYPE_I_INTERFERON_PRODUCTION": [
   "DDX3X",
   "HMGB1",
   "IFI16",
   "ISG15",
   "PCBP2",
   "POLR2L",
   "STAT1"
  ]
 },
 "gene_set_to_pval": {
  "GO_POSITIVE_REGULATION_OF_TYPE_I_INTERFERON_PRODUCTION": 0.43478260869565216,
  "GO_RESPONSE_TO_TYPE_I_INTERFERON": 0.1834862385321101,
  "GO_RESPONSE_TO_INTERFERON_BETA": 0.625,
  "GO_INTERFERON_GAMMA_MEDIATED_SIGNALING_PATHWAY": 0.3508771929824561,
  "GO_RESPONSE_TO_INTERFERON_GAMMA": 0.45454545454545453,
  "GO_TYPE_I_INTERFERON_PRODUCTION": 0.7142857142857143
 },
 "gene_set_to_cluster_to_pval": {
  "GO_POSITIVE_REGULATION_OF_TYPE_I_INTERFERON_PRODUCTION": {
   "11": 0.7021276595744681,
   "8": 0.6170212765957447,
   "7": 0.6170212765957447,
   "9": 0.2765957446808511,
   "3": 0.1702127659574468,
   "2": 0.7659574468085106,
   "1": 0.723404255319149,
   "10": 0.7872340425531915,
   "5": 0.2553191489361702,
   "4": 0.7659574468085106,
   "6": 0.46808510638297873
  },
  "GO_RESPONSE_TO_TYPE_I_INTERFERON": {
   "11": 0.8727272727272727,
   "8": 0.03636363636363636,
   "7": 0.36363636363636365,
   "9": 0.6818181818181818,
   "3": 0.3090909090909091,
   "2": 0.9181818181818182,
   "1": 0.14545454545454545,
   "10": 0.02727272727272727,
   "5": 0.9545454545454546,
   "4": 0.2545454545454545,
   "6": 0.6454545454545455
  },
  "GO_RESPONSE_TO_INTERFERON_BETA": {
   "11": 0.9090909090909091,
   "8": 0.06060606060606061,
   "7": 0.45454545454545453,
   "9": 0.8787878787878788,
   "3": 0.7878787878787878,
   "2": 0.5151515151515151,
   "1": 0.2727272727272727,
   "10": 1.0,
   "5": 0.8787878787878788,
   "4": 0.36363636363636365,
   "6": 0.030303030303030304
  },
  "GO_INTERFERON_GAMMA_MEDIATED_SIGNALING_PATHWAY": {
   "11": 0.7586206896551724,
   "8": 0.017241379310344827,
   "7": 0.896551724137931,
   "9": 0.5172413793103449,
   "3": 0.5689655172413793,
   "2": 0.06896551724137931,
   "1": 0.3103448275862069,
   "10": 0.034482758620689655,
   "5": 0.7413793103448276,
   "4": 0.5862068965517241,
   "6": 1.0
  },
  "GO_RESPONSE_TO_INTERFERON_GAMMA": {
   "11": 0.7111111111111111,
   "8": 0.044444444444444446,
   "7": 0.9555555555555556,
   "9": 0.37777777777777777,
   "3": 0.5777777777777777,
   "2": 0.044444444444444446,
   "1": 0.28888888888888886,
   "10": 0.022222222222222223,
   "5": 1.0,
   "4": 0.7555555555555555,
   "6": 0.8666666666666667
  },
  "GO_TYPE_I_INTERFERON_PRODUCTION": {
   "11": 0.8275862068965517,
   "8": 0.6551724137931034,
   "7": 0.7586206896551724,
   "9": 0.5862068965517241,
   "3": 0.7586206896551724,
   "2": 0.7241379310344828,
   "1": 0.27586206896551724,
   "10": 0.9310344827586207,
   "5": 0.3793103448275862,
   "4": 0.2413793103448276,
   "6": 0.3793103448275862
  }
 },
 "gene_set_to_pairwise_pvals": {},
 "gene_set_to_pairwise_clust_to_pval": {}
}