{
 "gene_set_to_genes": {
  "GO_POSITIVE_REGULATION_OF_TYPE_I_INTERFERON_PRODUCTION": [
   "DDX3X",
   "HMGB1",
   "IFI16",
   "POLR2L",
   "STAT1"
  ],
  "GO_RESPONSE_TO_TYPE_I_INTERFERON": [
   "BST2",
   "HLA-E",
   "HSP90AB1",
   "IFI27",
   "IFI6",
   "IFITM3",
   "ISG15",
   "SAMHD1",
   "STAT1",
   "STAT2",
   "XAF1"
  ],
  "GO_RESPONSE_TO_INTERFERON_BETA": [
   "BST2",
   "IFI16",
   "IFITM3",
   "NDUFA13",
   "STAT1",
   "XAF1"
  ],
  "GO_INTERFERON_GAMMA_MEDIATED_SIGNALING_PATHWAY": [
   "B2M",
   "CD44",
   "HLA-DPA1",
   "HLA-DRA",
   "HLA-E",
   "HSP90AB1",
   "MT2A",
   "PML",
   "STAT1"
  ],
  "GO_RESPONSE_TO_INTERFERON_GAMMA": [
   "ACTG1",
   "B2M",
   "BST2",
   "CD44",
   "CDC42",
   "GAPDH",
   "HLA-DPA1",
   "HLA-DRA",
   "HLA-E",
   "HSP90AB1",
   "IFITM3",
   "RPL13A",
   "SEC61A1",
   "STAT1",
   "VIM"
  ],
  "GO_TYPE_I_INTERFERON_PRODUCTION": [
   "DDX3X",
   "HMGB1",
   "IFI16",
   "ISG15",
   "PCBP2",
   "POLR2L",
   "STAT1"
  ]
 },
 "gene_set_to_pval": {
  "GO_POSITIVE_REGULATION_OF_TYPE_I_INTERFERON_PRODUCTION": 0.5128205128205128,
  "GO_RESPONSE_TO_TYPE_I_INTERFERON": 1.0,
  "GO_RESPONSE_TO_INTERFERON_BETA": 0.45454545454545453,
  "GO_INTERFERON_GAMMA_MEDIATED_SIGNALING_PATHWAY": 0.9090909090909091,
  "GO_RESPONSE_TO_INTERFERON_GAMMA": 0.021231422505307854,
  "GO_TYPE_I_INTERFERON_PRODUCTION": 1.0
 },
 "gene_set_to_pairwise_pvals": {
  "GO_RESPONSE_TO_INTERFERON_GAMMA": {
   "ACTG1,B2M": 0.46511627906976744,
   "ACTG1,BST2": 0.5882352941176471,
   "ACTG1,CD44": 0.19047619047619047,
   "ACTG1,CDC42": 0.32786885245901637,
   "ACTG1,GAPDH": 0.6666666666666666,
   "ACTG1,HLA-DPA1": 0.3389830508474576,
   "ACTG1,HLA-DRA": 0.21505376344086022,
   "ACTG1,HLA-E": 0.7407407407407407,
   "ACTG1,HSP90AB1": 0.091324200913242,
   "ACTG1,IFITM3": 0.18018018018018017,
   "ACTG1,RPL13A": 1.0,
   "ACTG1,SEC61A1": 0.37735849056603776,
   "ACTG1,STAT1": 0.38461538461538464,
   "ACTG1,VIM": 0.4,
   "B2M,BST2": 0.6451612903225806,
   "B2M,CD44": 0.5263157894736842,
   "B2M,CDC42": 0.2898550724637681,
   "B2M,GAPDH": 0.030911901081916538,
   "B2M,HLA-DPA1": 0.3448275862068966,
   "B2M,HLA-DRA": 0.002,
   "B2M,HLA-E": 0.4444444444444444,
   "B2M,HSP90AB1": 0.8333333333333334,
   "B2M,IFITM3": 0.7692307692307693,
   "B2M,RPL13A": 0.12578616352201258,
   "B2M,SEC61A1": 0.6896551724137931,
   "B2M,STAT1": 0.31746031746031744,
   "B2M,VIM": 0.47619047619047616,
   "BST2,CD44": 0.9523809523809523,
   "BST2,CDC42": 0.30303030303030304,
   "BST2,GAPDH": 0.5714285714285714,
   "BST2,HLA-DPA1": 0.5714285714285714,
   "BST2,HLA-DRA": 0.4,
   "BST2,HLA-E": 0.8333333333333334,
   "BST2,HSP90AB1": 0.9090909090909091,
   "BST2,IFITM3": 0.35714285714285715,
   "BST2,RPL13A": 0.23529411764705882,
   "BST2,SEC61A1": 0.8,
   "BST2,STAT1": 0.22988505747126436,
   "BST2,VIM": 0.29850746268656714,
   "CD44,CDC42": 0.5405405405405406,
   "CD44,GAPDH": 1.0,
   "CD44,HLA-DPA1": 0.273972602739726,
   "CD44,HLA-DRA": 0.23809523809523808,
   "CD44,HLA-E": 1.0,
   "CD44,HSP90AB1": 0.4444444444444444,
   "CD44,IFITM3": 0.5,
   "CD44,RPL13A": 0.6896551724137931,
   "CD44,SEC61A1": 0.4444444444444444,
   "CD44,STAT1": 0.7692307692307693,
   "CD44,VIM": 0.45454545454545453,
   "CDC42,GAPDH": 0.39215686274509803,
   "CDC42,HLA-DPA1": 0.625,
   "CDC42,HLA-DRA": 0.6060606060606061,
   "CDC42,HLA-E": 0.23809523809523808,
   "CDC42,HSP90AB1": 0.06289308176100629,
   "CDC42,IFITM3": 0.3389830508474576,
   "CDC42,RPL13A": 0.5882352941176471,
   "CDC42,SEC61A1": 0.8333333333333334,
   "CDC42,STAT1": 0.8,
   "CDC42,VIM": 0.7692307692307693,
   "GAPDH,HLA-DPA1": 0.4,
   "GAPDH,HLA-DRA": 0.29411764705882354,
   "GAPDH,HLA-E": 0.5263157894736842,
   "GAPDH,HSP90AB1": 0.20408163265306123,
   "GAPDH,IFITM3": 0.40816326530612246,
   "GAPDH,RPL13A": 0.4878048780487805,
   "GAPDH,SEC61A1": 0.5128205128205128,
   "GAPDH,STAT1": 0.8695652173913043,
   "GAPDH,VIM": 0.9523809523809523,
   "HLA-DPA1,HLA-DRA": 0.1342281879194631,
   "HLA-DPA1,HLA-E": 0.5714285714285714,
   "HLA-DPA1,HSP90AB1": 0.6451612903225806,
   "HLA-DPA1,IFITM3": 0.7407407407407407,
   "HLA-DPA1,RPL13A": 0.5555555555555556,
   "HLA-DPA1,SEC61A1": 0.39215686274509803,
   "HLA-DPA1,STAT1": 0.625,
   "HLA-DPA1,VIM": 0.03642987249544627,
   "HLA-DRA,HLA-E": 0.06451612903225806,
   "HLA-DRA,HSP90AB1": 0.3076923076923077,
   "HLA-DRA,IFITM3": 1.0,
   "HLA-DRA,RPL13A": 0.2247191011235955,
   "HLA-DRA,SEC61A1": 0.9523809523809523,
   "HLA-DRA,STAT1": 0.6060606060606061,
   "HLA-DRA,VIM": 0.23809523809523808,
   "HLA-E,HSP90AB1": 0.6451612903225806,
   "HLA-E,IFITM3": 0.6896551724137931,
   "HLA-E,RPL13A": 0.05763688760806916,
   "HLA-E,SEC61A1": 0.9523809523809523,
   "HLA-E,STAT1": 0.8,
   "HLA-E,VIM": 0.04081632653061224,
   "HSP90AB1,IFITM3": 0.24096385542168675,
   "HSP90AB1,RPL13A": 0.9090909090909091,
   "HSP90AB1,SEC61A1": 0.4878048780487805,
   "HSP90AB1,STAT1": 0.10752688172043011,
   "HSP90AB1,VIM": 0.40816326530612246,
   "IFITM3,RPL13A": 1.0,
   "IFITM3,SEC61A1": 0.7407407407407407,
   "IFITM3,STAT1": 0.5714285714285714,
   "IFITM3,VIM": 0.0258732212160414,
   "RPL13A,SEC61A1": 0.35714285714285715,
   "RPL13A,STAT1": 0.3333333333333333,
   "RPL13A,VIM": 0.6451612903225806,
   "SEC61A1,STAT1": 0.40816326530612246,
   "SEC61A1,VIM": 0.6896551724137931,
   "STAT1,VIM": 0.5882352941176471
  }
 },
 "gene_set_to_keep_clusts": {
  "GO_POSITIVE_REGULATION_OF_TYPE_I_INTERFERON_PRODUCTION": [
   1,
   2,
   3,
   4,
   5,
   6,
   7,
   8,
   9,
   10,
   11
  ],
  "GO_RESPONSE_TO_TYPE_I_INTERFERON": [
   1,
   2,
   3,
   4,
   5,
   6,
   7,
   8,
   9,
   11
  ],
  "GO_RESPONSE_TO_INTERFERON_BETA": [
   1,
   2,
   3,
   4,
   5,
   6,
   7,
   9,
   10,
   11
  ],
  "GO_INTERFERON_GAMMA_MEDIATED_SIGNALING_PATHWAY": [
   1,
   2,
   3,
   4,
   5,
   6,
   7,
   9,
   11
  ],
  "GO_RESPONSE_TO_INTERFERON_GAMMA": [
   1,
   3,
   4,
   5,
   6,
   7,
   8,
   9,
   11
  ],
  "GO_TYPE_I_INTERFERON_PRODUCTION": [
   1,
   2,
   3,
   4,
   5,
   6,
   7,
   8,
   9,
   10,
   11
  ]
 }
}