{
 "gene_set_to_genes": {
  "GO_KERATINOCYTE_PROLIFERATION": [
   "CDH3",
   "KRT2",
   "SFN",
   "SLURP1",
   "TP63"
  ],
  "GO_KERATINOCYTE_DIFFERENTIATION": [
   "DSP",
   "KRT1",
   "KRT10",
   "KRT14",
   "KRT16",
   "KRT17",
   "KRT5",
   "KRT6A",
   "KRT6B",
   "KRT6C",
   "PERP",
   "PI3",
   "S100A7",
   "SFN",
   "SPRR1B"
  ]
 },
 "gene_set_to_pval": {
  "GO_KERATINOCYTE_PROLIFERATION": 0.005011275369581559,
  "GO_KERATINOCYTE_DIFFERENTIATION": 0.0001
 },
 "gene_set_to_pairwise_pvals": {
  "GO_KERATINOCYTE_PROLIFERATION": {
   "CDH3,KRT2": 0.5128205128205128,
   "CDH3,SFN": 0.7692307692307693,
   "CDH3,SLURP1": 0.32786885245901637,
   "CDH3,TP63": 0.09523809523809523,
   "KRT2,SFN": 1.0,
   "KRT2,SLURP1": 0.13245033112582782,
   "KRT2,TP63": 0.9090909090909091,
   "SFN,SLURP1": 0.6451612903225806,
   "SFN,TP63": 0.3333333333333333,
   "SLURP1,TP63": 0.4444444444444444
  },
  "GO_KERATINOCYTE_DIFFERENTIATION": {
   "DSP,KRT1": 0.9523809523809523,
   "DSP,KRT10": 0.8,
   "DSP,KRT14": 0.2777777777777778,
   "DSP,KRT16": 0.016,
   "DSP,KRT17": 0.09302325581395349,
   "DSP,KRT5": 1.0,
   "DSP,KRT6A": 0.18691588785046728,
   "DSP,KRT6B": 0.17857142857142858,
   "DSP,KRT6C": 0.078125,
   "DSP,PERP": 0.9523809523809523,
   "DSP,PI3": 0.43478260869565216,
   "DSP,S100A7": 0.5405405405405406,
   "DSP,SFN": 0.6896551724137931,
   "DSP,SPRR1B": 0.2898550724637681,
   "KRT1,KRT10": 0.001,
   "KRT1,KRT14": 0.38461538461538464,
   "KRT1,KRT16": 0.11627906976744186,
   "KRT1,KRT17": 0.8695652173913043,
   "KRT1,KRT5": 0.2857142857142857,
   "KRT1,KRT6A": 0.9090909090909091,
   "KRT1,KRT6B": 0.07604562737642585,
   "KRT1,KRT6C": 0.43478260869565216,
   "KRT1,PERP": 0.47619047619047616,
   "KRT1,PI3": 0.6060606060606061,
   "KRT1,S100A7": 0.17094017094017094,
   "KRT1,SFN": 0.20202020202020202,
   "KRT1,SPRR1B": 0.12195121951219512,
   "KRT10,KRT14": 0.050761421319796954,
   "KRT10,KRT16": 0.37037037037037035,
   "KRT10,KRT17": 0.3076923076923077,
   "KRT10,KRT5": 0.11494252873563218,
   "KRT10,KRT6A": 0.4878048780487805,
   "KRT10,KRT6B": 0.425531914893617,
   "KRT10,KRT6C": 0.06666666666666667,
   "KRT10,PERP": 0.7692307692307693,
   "KRT10,PI3": 0.4878048780487805,
   "KRT10,S100A7": 0.008,
   "KRT10,SFN": 0.2898550724637681,
   "KRT10,SPRR1B": 0.7407407407407407,
   "KRT14,KRT16": 0.18518518518518517,
   "KRT14,KRT17": 0.20202020202020202,
   "KRT14,KRT5": 0.8333333333333334,
   "KRT14,KRT6A": 0.425531914893617,
   "KRT14,KRT6B": 0.17094017094017094,
   "KRT14,KRT6C": 0.15267175572519084,
   "KRT14,PERP": 0.6666666666666666,
   "KRT14,PI3": 0.5263157894736842,
   "KRT14,S100A7": 0.05649717514124294,
   "KRT14,SFN": 0.022727272727272728,
   "KRT14,SPRR1B": 0.005,
   "KRT16,KRT17": 0.003,
   "KRT16,KRT5": 0.16260162601626016,
   "KRT16,KRT6A": 0.08928571428571429,
   "KRT16,KRT6B": 0.002,
   "KRT16,KRT6C": 0.001,
   "KRT16,PERP": 0.056179775280898875,
   "KRT16,PI3": 0.5882352941176471,
   "KRT16,S100A7": 0.009,
   "KRT16,SFN": 0.3125,
   "KRT16,SPRR1B": 0.023696682464454975,
   "KRT17,KRT5": 0.15151515151515152,
   "KRT17,KRT6A": 0.3225806451612903,
   "KRT17,KRT6B": 0.001,
   "KRT17,KRT6C": 0.002,
   "KRT17,PERP": 0.273972602739726,
   "KRT17,PI3": 0.4,
   "KRT17,S100A7": 0.3225806451612903,
   "KRT17,SFN": 0.3389830508474576,
   "KRT17,SPRR1B": 0.7142857142857143,
   "KRT5,KRT6A": 0.7407407407407407,
   "KRT5,KRT6B": 0.04866180048661801,
   "KRT5,KRT6C": 0.04950495049504951,
   "KRT5,PERP": 0.10416666666666667,
   "KRT5,PI3": 0.05830903790087463,
   "KRT5,S100A7": 0.5128205128205128,
   "KRT5,SFN": 0.23529411764705882,
   "KRT5,SPRR1B": 0.6060606060606061,
   "KRT6A,KRT6B": 0.37735849056603776,
   "KRT6A,KRT6C": 0.12987012987012986,
   "KRT6A,PERP": 0.6451612903225806,
   "KRT6A,PI3": 0.5882352941176471,
   "KRT6A,S100A7": 0.6896551724137931,
   "KRT6A,SFN": 0.5263157894736842,
   "KRT6A,SPRR1B": 0.7407407407407407,
   "KRT6B,KRT6C": 0.001,
   "KRT6B,PERP": 0.47619047619047616,
   "KRT6B,PI3": 0.038535645472061654,
   "KRT6B,S100A7": 0.425531914893617,
   "KRT6B,SFN": 0.024968789013732832,
   "KRT6B,SPRR1B": 0.3389830508474576,
   "KRT6C,PERP": 0.8695652173913043,
   "KRT6C,PI3": 0.5128205128205128,
   "KRT6C,S100A7": 0.062111801242236024,
   "KRT6C,SFN": 0.14388489208633093,
   "KRT6C,SPRR1B": 0.0408997955010225,
   "PERP,PI3": 0.5882352941176471,
   "PERP,S100A7": 0.7142857142857143,
   "PERP,SFN": 0.3076923076923077,
   "PERP,SPRR1B": 0.45454545454545453,
   "PI3,S100A7": 0.9523809523809523,
   "PI3,SFN": 0.8,
   "PI3,SPRR1B": 0.21978021978021978,
   "S100A7,SFN": 0.45454545454545453,
   "S100A7,SPRR1B": 0.43478260869565216,
   "SFN,SPRR1B": 0.7142857142857143
  }
 },
 "gene_set_to_keep_clusts": {
  "GO_KERATINOCYTE_PROLIFERATION": [
   1,
   2,
   3,
   4,
   5,
   6,
   7,
   10,
   11
  ],
  "GO_KERATINOCYTE_DIFFERENTIATION": [
   1,
   3,
   4,
   5,
   6,
   7,
   10,
   11
  ]
 }
}