{
 "gene_set_to_genes": {
  "GO_CELL_MATRIX_ADHESION": [
   "CD44",
   "CD63",
   "COL17A1",
   "COL3A1",
   "ITGA6",
   "JAG1",
   "JUP",
   "LYPD3",
   "RAC1",
   "RHOA",
   "S100A10"
  ],
  "GO_REGULATION_OF_CELL_MATRIX_ADHESION": [
   "JAG1",
   "JUP",
   "RAC1",
   "RHOA",
   "S100A10"
  ]
 },
 "gene_set_to_pval": {
  "GO_CELL_MATRIX_ADHESION": 0.0001,
  "GO_REGULATION_OF_CELL_MATRIX_ADHESION": 0.7692307692307693
 },
 "gene_set_to_pairwise_pvals": {
  "GO_CELL_MATRIX_ADHESION": {
   "CD44,CD63": 0.9090909090909091,
   "CD44,COL17A1": 0.08695652173913043,
   "CD44,COL3A1": 0.7407407407407407,
   "CD44,ITGA6": 1.0,
   "CD44,JAG1": 0.059880239520958084,
   "CD44,JUP": 0.8695652173913043,
   "CD44,LYPD3": 0.22727272727272727,
   "CD44,RAC1": 0.4878048780487805,
   "CD44,RHOA": 0.1342281879194631,
   "CD44,S100A10": 0.425531914893617,
   "CD63,COL17A1": 0.4444444444444444,
   "CD63,COL3A1": 0.38461538461538464,
   "CD63,ITGA6": 0.15267175572519084,
   "CD63,JAG1": 0.7692307692307693,
   "CD63,JUP": 0.23529411764705882,
   "CD63,LYPD3": 0.40816326530612246,
   "CD63,RAC1": 0.9523809523809523,
   "CD63,RHOA": 0.5,
   "CD63,S100A10": 0.047961630695443645,
   "COL17A1,COL3A1": 0.46511627906976744,
   "COL17A1,ITGA6": 0.9523809523809523,
   "COL17A1,JAG1": 0.018,
   "COL17A1,JUP": 0.046296296296296294,
   "COL17A1,LYPD3": 0.0970873786407767,
   "COL17A1,RAC1": 0.5128205128205128,
   "COL17A1,RHOA": 0.2247191011235955,
   "COL17A1,S100A10": 0.2,
   "COL3A1,ITGA6": 0.13986013986013987,
   "COL3A1,JAG1": 0.005,
   "COL3A1,JUP": 0.2631578947368421,
   "COL3A1,LYPD3": 0.18867924528301888,
   "COL3A1,RAC1": 0.32786885245901637,
   "COL3A1,RHOA": 0.1360544217687075,
   "COL3A1,S100A10": 0.2564102564102564,
   "ITGA6,JAG1": 0.055401662049861494,
   "ITGA6,JUP": 0.3333333333333333,
   "ITGA6,LYPD3": 0.03597122302158273,
   "ITGA6,RAC1": 1.0,
   "ITGA6,RHOA": 0.8333333333333334,
   "ITGA6,S100A10": 0.3333333333333333,
   "JAG1,JUP": 0.005,
   "JAG1,LYPD3": 0.45454545454545453,
   "JAG1,RAC1": 0.9523809523809523,
   "JAG1,RHOA": 0.5714285714285714,
   "JAG1,S100A10": 0.3448275862068966,
   "JUP,LYPD3": 0.5405405405405406,
   "JUP,RAC1": 0.8,
   "JUP,RHOA": 0.4166666666666667,
   "JUP,S100A10": 0.2631578947368421,
   "LYPD3,RAC1": 0.9090909090909091,
   "LYPD3,RHOA": 0.6896551724137931,
   "LYPD3,S100A10": 0.07092198581560284,
   "RAC1,RHOA": 0.2702702702702703,
   "RAC1,S100A10": 0.014,
   "RHOA,S100A10": 0.2597402597402597
  }
 },
 "gene_set_to_keep_clusts": {
  "GO_CELL_MATRIX_ADHESION": [
   2,
   3,
   4,
   6,
   7,
   8,
   9,
   11
  ],
  "GO_REGULATION_OF_CELL_MATRIX_ADHESION": [
   1,
   2,
   3,
   4,
   5,
   6,
   9,
   11
  ]
 }
}