{
 "gene_set_to_genes": {
  "GO_CELL_DIVISION": [
   "CALM1",
   "CDC42",
   "CFL1",
   "CSNK1A1",
   "MYH9",
   "PPP1CB",
   "RAB11A",
   "RACK1",
   "RAN",
   "RHOA",
   "RPS3",
   "SFN",
   "TUBA1B",
   "TUBA1C",
   "TUBB"
  ],
  "GO_NEGATIVE_REGULATION_OF_CELL_DIVISION": [
   "C10orf99",
   "CHMP4C",
   "MYC",
   "TXNIP",
   "VPS4A"
  ],
  "GO_ASYMMETRIC_CELL_DIVISION": [
   "ACTR2",
   "ACTR3",
   "GOLGA2",
   "ING2",
   "PARD3",
   "RAB10",
   "RGS14",
   "TEAD3"
  ],
  "GO_STEM_CELL_DIVISION": [
   "CDK2AP2",
   "CUL3",
   "FGFR2",
   "GNL3",
   "LBH",
   "NCOA3",
   "NOTCH1",
   "NUMB",
   "PAFAH1B1",
   "RAB10",
   "SFRP2",
   "TEAD3",
   "TIAL1",
   "WWTR1",
   "ZFP36L2"
  ],
  "GO_POSITIVE_REGULATION_OF_CELL_DIVISION": [
   "CAT",
   "CDC25B",
   "CDC42",
   "CUL3",
   "FGFR2",
   "GIPC1",
   "ITGB1BP1",
   "LBH",
   "NUP62",
   "RHOA",
   "SIRT2",
   "SVIL",
   "TGFA",
   "VEGFB",
   "YBX1"
  ],
  "GO_REGULATION_OF_CELL_DIVISION": [
   "C10orf99",
   "CALM1",
   "CALM2",
   "CALM3",
   "CDC42",
   "GIPC1",
   "MYC",
   "PLK2",
   "RAB11A",
   "RACK1",
   "RHOA",
   "SFN",
   "TP63",
   "TXNIP",
   "YBX1"
  ],
  "GO_SOMATIC_STEM_CELL_DIVISION": [
   "FGFR2",
   "LBH",
   "NOTCH1",
   "NUMB",
   "RAB10",
   "TEAD3",
   "ZFP36L2"
  ]
 },
 "gene_set_to_pval": {
  "GO_CELL_DIVISION": 0.26666666666666666,
  "GO_NEGATIVE_REGULATION_OF_CELL_DIVISION": 0.01288659793814433,
  "GO_ASYMMETRIC_CELL_DIVISION": 0.43478260869565216,
  "GO_STEM_CELL_DIVISION": 0.1724137931034483,
  "GO_POSITIVE_REGULATION_OF_CELL_DIVISION": 0.37735849056603776,
  "GO_REGULATION_OF_CELL_DIVISION": 0.0003,
  "GO_SOMATIC_STEM_CELL_DIVISION": 0.7142857142857143
 },
 "gene_set_to_pairwise_pvals": {
  "GO_NEGATIVE_REGULATION_OF_CELL_DIVISION": {
   "C10orf99,CHMP4C": 0.001,
   "C10orf99,MYC": 0.35714285714285715,
   "C10orf99,TXNIP": 0.39215686274509803,
   "C10orf99,VPS4A": 0.26666666666666666,
   "CHMP4C,MYC": 0.6666666666666666,
   "CHMP4C,TXNIP": 0.9090909090909091,
   "CHMP4C,VPS4A": 0.8,
   "MYC,TXNIP": 0.09174311926605505,
   "MYC,VPS4A": 0.5882352941176471,
   "TXNIP,VPS4A": 0.07142857142857142
  },
  "GO_REGULATION_OF_CELL_DIVISION": {
   "C10orf99,CALM1": 0.001,
   "C10orf99,CALM2": 0.2127659574468085,
   "C10orf99,CALM3": 0.9523809523809523,
   "C10orf99,CDC42": 0.43478260869565216,
   "C10orf99,GIPC1": 0.015,
   "C10orf99,MYC": 0.35714285714285715,
   "C10orf99,PLK2": 0.02252252252252252,
   "C10orf99,RAB11A": 0.055401662049861494,
   "C10orf99,RACK1": 0.001,
   "C10orf99,RHOA": 0.0437636761487965,
   "C10orf99,SFN": 0.001,
   "C10orf99,TP63": 0.001,
   "C10orf99,TXNIP": 0.39215686274509803,
   "C10orf99,YBX1": 0.001,
   "CALM1,CALM2": 0.001,
   "CALM1,CALM3": 0.4,
   "CALM1,CDC42": 0.3508771929824561,
   "CALM1,GIPC1": 0.14925373134328357,
   "CALM1,MYC": 1.0,
   "CALM1,PLK2": 0.273972602739726,
   "CALM1,RAB11A": 0.28169014084507044,
   "CALM1,RACK1": 0.005,
   "CALM1,RHOA": 0.425531914893617,
   "CALM1,SFN": 0.09302325581395349,
   "CALM1,TP63": 0.09433962264150944,
   "CALM1,TXNIP": 0.6451612903225806,
   "CALM1,YBX1": 0.16806722689075632,
   "CALM2,CALM3": 1.0,
   "CALM2,CDC42": 0.6451612903225806,
   "CALM2,GIPC1": 0.008,
   "CALM2,MYC": 1.0,
   "CALM2,PLK2": 0.7407407407407407,
   "CALM2,RAB11A": 0.5,
   "CALM2,RACK1": 0.8,
   "CALM2,RHOA": 0.2631578947368421,
   "CALM2,SFN": 0.025031289111389236,
   "CALM2,TP63": 0.5405405405405406,
   "CALM2,TXNIP": 0.06472491909385113,
   "CALM2,YBX1": 0.9090909090909091,
   "CALM3,CDC42": 0.8695652173913043,
   "CALM3,GIPC1": 0.2898550724637681,
   "CALM3,MYC": 0.7407407407407407,
   "CALM3,PLK2": 0.46511627906976744,
   "CALM3,RAB11A": 0.2857142857142857,
   "CALM3,RACK1": 0.19607843137254902,
   "CALM3,RHOA": 0.40816326530612246,
   "CALM3,SFN": 0.4444444444444444,
   "CALM3,TP63": 0.8333333333333334,
   "CALM3,TXNIP": 0.11560693641618497,
   "CALM3,YBX1": 0.26666666666666666,
   "CDC42,GIPC1": 0.7692307692307693,
   "CDC42,MYC": 0.3076923076923077,
   "CDC42,PLK2": 0.6666666666666666,
   "CDC42,RAB11A": 0.8695652173913043,
   "CDC42,RACK1": 0.12422360248447205,
   "CDC42,RHOA": 0.7142857142857143,
   "CDC42,SFN": 0.5882352941176471,
   "CDC42,TP63": 0.26666666666666666,
   "CDC42,TXNIP": 0.7142857142857143,
   "CDC42,YBX1": 0.9090909090909091,
   "GIPC1,MYC": 0.45454545454545453,
   "GIPC1,PLK2": 1.0,
   "GIPC1,RAB11A": 0.45454545454545453,
   "GIPC1,RACK1": 0.43478260869565216,
   "GIPC1,RHOA": 0.5128205128205128,
   "GIPC1,SFN": 0.049019607843137254,
   "GIPC1,TP63": 0.06578947368421052,
   "GIPC1,TXNIP": 0.39215686274509803,
   "GIPC1,YBX1": 0.5714285714285714,
   "MYC,PLK2": 0.5405405405405406,
   "MYC,RAB11A": 0.9523809523809523,
   "MYC,RACK1": 1.0,
   "MYC,RHOA": 0.4878048780487805,
   "MYC,SFN": 0.32786885245901637,
   "MYC,TP63": 0.3448275862068966,
   "MYC,TXNIP": 0.09174311926605505,
   "MYC,YBX1": 0.6896551724137931,
   "PLK2,RAB11A": 0.5128205128205128,
   "PLK2,RACK1": 0.8695652173913043,
   "PLK2,RHOA": 0.15267175572519084,
   "PLK2,SFN": 0.6666666666666666,
   "PLK2,TP63": 0.5882352941176471,
   "PLK2,TXNIP": 1.0,
   "PLK2,YBX1": 0.5714285714285714,
   "RAB11A,RACK1": 0.9523809523809523,
   "RAB11A,RHOA": 1.0,
   "RAB11A,SFN": 0.2564102564102564,
   "RAB11A,TP63": 0.7692307692307693,
   "RAB11A,TXNIP": 0.20833333333333334,
   "RAB11A,YBX1": 0.9523809523809523,
   "RACK1,RHOA": 0.6451612903225806,
   "RACK1,SFN": 0.001,
   "RACK1,TP63": 0.8,
   "RACK1,TXNIP": 0.17543859649122806,
   "RACK1,YBX1": 0.12738853503184713,
   "RHOA,SFN": 0.2597402597402597,
   "RHOA,TP63": 1.0,
   "RHOA,TXNIP": 0.20408163265306123,
   "RHOA,YBX1": 0.9090909090909091,
   "SFN,TP63": 0.001,
   "SFN,TXNIP": 0.6896551724137931,
   "SFN,YBX1": 0.001,
   "TP63,TXNIP": 0.5714285714285714,
   "TP63,YBX1": 0.9090909090909091,
   "TXNIP,YBX1": 0.07352941176470588
  }
 },
 "gene_set_to_keep_clusts": {
  "GO_CELL_DIVISION": [
   1,
   2,
   3,
   4,
   6
  ],
  "GO_NEGATIVE_REGULATION_OF_CELL_DIVISION": [
   1,
   2,
   3,
   4,
   5,
   6,
   7
  ],
  "GO_ASYMMETRIC_CELL_DIVISION": [
   1,
   2,
   3,
   4,
   5,
   6,
   7
  ],
  "GO_STEM_CELL_DIVISION": [
   1,
   2,
   3,
   4,
   5,
   6,
   7
  ],
  "GO_POSITIVE_REGULATION_OF_CELL_DIVISION": [
   1,
   2,
   3,
   4,
   5,
   7
  ],
  "GO_REGULATION_OF_CELL_DIVISION": [
   3,
   4,
   5,
   7
  ],
  "GO_SOMATIC_STEM_CELL_DIVISION": [
   1,
   2,
   3,
   4,
   5,
   6,
   7
  ]
 }
}