{
 "gene_set_to_genes": {
  "GO_NEGATIVE_REGULATION_OF_DNA_REPAIR": [
   "CYREN",
   "FBH1",
   "HSF1",
   "MAD2L2",
   "NUDT16L1",
   "OTUB1",
   "RIF1",
   "RPS3",
   "SHLD2",
   "TFIP11",
   "TRIP12",
   "UBQLN4",
   "UBR5"
  ],
  "GO_REGULATION_OF_DNA_REPAIR": [
   "ACTR2",
   "CEBPG",
   "EGFR",
   "FUS",
   "HMGB1",
   "OTUB1",
   "PARP9",
   "PML",
   "PPP4C",
   "PRKDC",
   "RPS3",
   "TRIM28",
   "TRIP12",
   "UBE2N",
   "UBE2V2"
  ],
  "GO_DNA_REPAIR": [
   "HMGB1",
   "HMGN1",
   "ISG15",
   "MORF4L1",
   "NPM1",
   "POLR2L",
   "RBX1",
   "RPS27A",
   "RPS3",
   "UBA52",
   "UBB",
   "UBC",
   "UBE2D3",
   "VCP",
   "XRCC6"
  ],
  "GO_POSITIVE_REGULATION_OF_DNA_REPAIR": [
   "ACTR2",
   "BABAM1",
   "CEBPG",
   "DHX9",
   "DTX3L",
   "EGFR",
   "FUS",
   "HMGB1",
   "PARP9",
   "PCNA",
   "PRKDC",
   "RPS3",
   "TRIM28",
   "UBE2N",
   "UBE2V2"
  ],
  "GO_DNA_SYNTHESIS_INVOLVED_IN_DNA_REPAIR": [
   "FAAP20",
   "ISG15",
   "NPLOC4",
   "PCNA",
   "POLD2",
   "POLD4",
   "RPA1",
   "RPS27A",
   "TRIM25",
   "UBA52",
   "UBB",
   "UBC",
   "UBE2L6",
   "UFD1",
   "VCP"
  ],
  "GO_DNA_DEALKYLATION_INVOLVED_IN_DNA_REPAIR": [
   "ALKBH3",
   "ALKBH5",
   "ASCC2",
   "ASCC3",
   "MGMT",
   "MPG"
  ]
 },
 "gene_set_to_pval": {
  "GO_NEGATIVE_REGULATION_OF_DNA_REPAIR": 0.8695652173913043,
  "GO_REGULATION_OF_DNA_REPAIR": 0.5128205128205128,
  "GO_DNA_REPAIR": 0.0004,
  "GO_POSITIVE_REGULATION_OF_DNA_REPAIR": 0.9090909090909091,
  "GO_DNA_SYNTHESIS_INVOLVED_IN_DNA_REPAIR": 0.05449591280653951,
  "GO_DNA_DEALKYLATION_INVOLVED_IN_DNA_REPAIR": 0.8695652173913043
 },
 "gene_set_to_pairwise_pvals": {
  "GO_DNA_REPAIR": {
   "HMGB1,HMGN1": 0.24096385542168675,
   "HMGB1,ISG15": 0.2222222222222222,
   "HMGB1,MORF4L1": 0.6666666666666666,
   "HMGB1,NPM1": 0.4166666666666667,
   "HMGB1,POLR2L": 0.13513513513513514,
   "HMGB1,RBX1": 0.36363636363636365,
   "HMGB1,RPS27A": 0.18518518518518517,
   "HMGB1,RPS3": 1.0,
   "HMGB1,UBA52": 0.24691358024691357,
   "HMGB1,UBB": 0.5555555555555556,
   "HMGB1,UBC": 0.36363636363636365,
   "HMGB1,UBE2D3": 0.6060606060606061,
   "HMGB1,VCP": 0.20618556701030927,
   "HMGB1,XRCC6": 0.7692307692307693,
   "HMGN1,ISG15": 0.4878048780487805,
   "HMGN1,MORF4L1": 0.03710575139146568,
   "HMGN1,NPM1": 0.2777777777777778,
   "HMGN1,POLR2L": 0.059880239520958084,
   "HMGN1,RBX1": 0.4878048780487805,
   "HMGN1,RPS27A": 0.9090909090909091,
   "HMGN1,RPS3": 0.02911208151382824,
   "HMGN1,UBA52": 0.2898550724637681,
   "HMGN1,UBB": 0.3389830508474576,
   "HMGN1,UBC": 0.6060606060606061,
   "HMGN1,UBE2D3": 0.002,
   "HMGN1,VCP": 0.8695652173913043,
   "HMGN1,XRCC6": 0.9523809523809523,
   "ISG15,MORF4L1": 0.8695652173913043,
   "ISG15,NPM1": 0.8333333333333334,
   "ISG15,POLR2L": 0.5405405405405406,
   "ISG15,RBX1": 0.9090909090909091,
   "ISG15,RPS27A": 0.001,
   "ISG15,RPS3": 0.2127659574468085,
   "ISG15,UBA52": 0.03496503496503497,
   "ISG15,UBB": 0.8333333333333334,
   "ISG15,UBC": 0.07092198581560284,
   "ISG15,UBE2D3": 1.0,
   "ISG15,VCP": 1.0,
   "ISG15,XRCC6": 0.10752688172043011,
   "MORF4L1,NPM1": 0.28169014084507044,
   "MORF4L1,POLR2L": 0.8333333333333334,
   "MORF4L1,RBX1": 0.5882352941176471,
   "MORF4L1,RPS27A": 1.0,
   "MORF4L1,RPS3": 0.35714285714285715,
   "MORF4L1,UBA52": 0.9523809523809523,
   "MORF4L1,UBB": 0.6896551724137931,
   "MORF4L1,UBC": 0.425531914893617,
   "MORF4L1,UBE2D3": 0.5882352941176471,
   "MORF4L1,VCP": 0.4444444444444444,
   "MORF4L1,XRCC6": 0.4878048780487805,
   "NPM1,POLR2L": 0.39215686274509803,
   "NPM1,RBX1": 0.8,
   "NPM1,RPS27A": 0.027472527472527472,
   "NPM1,RPS3": 0.23529411764705882,
   "NPM1,UBA52": 0.039603960396039604,
   "NPM1,UBB": 0.13245033112582782,
   "NPM1,UBC": 0.5128205128205128,
   "NPM1,UBE2D3": 0.2127659574468085,
   "NPM1,VCP": 0.06230529595015576,
   "NPM1,XRCC6": 0.7692307692307693,
   "POLR2L,RBX1": 0.425531914893617,
   "POLR2L,RPS27A": 0.001,
   "POLR2L,RPS3": 0.013,
   "POLR2L,UBA52": 0.003,
   "POLR2L,UBB": 0.6896551724137931,
   "POLR2L,UBC": 0.2777777777777778,
   "POLR2L,UBE2D3": 0.23529411764705882,
   "POLR2L,VCP": 0.6896551724137931,
   "POLR2L,XRCC6": 0.23809523809523808,
   "RBX1,RPS27A": 0.46511627906976744,
   "RBX1,RPS3": 0.17543859649122806,
   "RBX1,UBA52": 0.5405405405405406,
   "RBX1,UBB": 0.1388888888888889,
   "RBX1,UBC": 0.3225806451612903,
   "RBX1,UBE2D3": 0.6896551724137931,
   "RBX1,VCP": 0.7142857142857143,
   "RBX1,XRCC6": 0.17391304347826086,
   "RPS27A,RPS3": 0.001,
   "RPS27A,UBA52": 0.001,
   "RPS27A,UBB": 1.0,
   "RPS27A,UBC": 0.10810810810810811,
   "RPS27A,UBE2D3": 0.059880239520958084,
   "RPS27A,VCP": 0.47619047619047616,
   "RPS27A,XRCC6": 1.0,
   "RPS3,UBA52": 0.001,
   "RPS3,UBB": 0.14705882352941177,
   "RPS3,UBC": 0.7692307692307693,
   "RPS3,UBE2D3": 0.2702702702702703,
   "RPS3,VCP": 0.4,
   "RPS3,XRCC6": 0.9090909090909091,
   "UBA52,UBB": 0.5714285714285714,
   "UBA52,UBC": 0.9090909090909091,
   "UBA52,UBE2D3": 0.07547169811320754,
   "UBA52,VCP": 0.4878048780487805,
   "UBA52,XRCC6": 0.04975124378109453,
   "UBB,UBC": 0.9523809523809523,
   "UBB,UBE2D3": 0.18518518518518517,
   "UBB,VCP": 0.24691358024691357,
   "UBB,XRCC6": 0.5128205128205128,
   "UBC,UBE2D3": 0.9090909090909091,
   "UBC,VCP": 0.45454545454545453,
   "UBC,XRCC6": 0.019,
   "UBE2D3,VCP": 0.17543859649122806,
   "UBE2D3,XRCC6": 0.2,
   "VCP,XRCC6": 0.6666666666666666
  }
 },
 "gene_set_to_keep_clusts": {
  "GO_NEGATIVE_REGULATION_OF_DNA_REPAIR": [
   1,
   2,
   3,
   4,
   5,
   6,
   7
  ],
  "GO_REGULATION_OF_DNA_REPAIR": [
   1,
   2,
   3,
   4,
   5,
   6,
   7
  ],
  "GO_DNA_REPAIR": [
   1,
   3,
   5
  ],
  "GO_POSITIVE_REGULATION_OF_DNA_REPAIR": [
   1,
   2,
   3,
   4,
   5,
   6
  ],
  "GO_DNA_SYNTHESIS_INVOLVED_IN_DNA_REPAIR": [
   1,
   2,
   3,
   4,
   6,
   7
  ],
  "GO_DNA_DEALKYLATION_INVOLVED_IN_DNA_REPAIR": [
   1,
   2,
   3,
   4,
   5,
   7
  ]
 }
}