{
 "gene_set_to_genes": {
  "GO_REGULATION_OF_EPIDERMIS_DEVELOPMENT": [
   "AQP3",
   "CDH3",
   "CDSN",
   "CTNNB1",
   "ESRP1",
   "GRHL1",
   "KRT10",
   "KRT17",
   "KRT2",
   "SERPINB13",
   "SFN",
   "SPINK5",
   "SULT2B1",
   "TP63",
   "ZFP36L1"
  ],
  "GO_POSITIVE_REGULATION_OF_EPIDERMIS_DEVELOPMENT": [
   "FOXN1",
   "FST",
   "HPSE",
   "KRT10",
   "KRT17",
   "KRT2",
   "NOTCH1",
   "NUMA1",
   "PPARD",
   "SFN",
   "SULT2B1",
   "TMEM79",
   "TRADD",
   "TRIM16",
   "WNT5A"
  ],
  "GO_NEGATIVE_REGULATION_OF_EPIDERMIS_DEVELOPMENT": [
   "CDH3",
   "CDSN",
   "FERMT1",
   "HES1",
   "NOTCH1",
   "SRSF6",
   "TP63"
  ],
  "GO_EPIDERMIS_DEVELOPMENT": [
   "CALML5",
   "CSTA",
   "FABP5",
   "KRT1",
   "KRT10",
   "KRT14",
   "KRT16",
   "KRT17",
   "KRT5",
   "KRT6A",
   "KRT6B",
   "KRT6C",
   "KRTDAP",
   "PERP",
   "S100A7"
  ]
 },
 "gene_set_to_pval": {
  "GO_REGULATION_OF_EPIDERMIS_DEVELOPMENT": 0.0001,
  "GO_POSITIVE_REGULATION_OF_EPIDERMIS_DEVELOPMENT": 0.0001,
  "GO_NEGATIVE_REGULATION_OF_EPIDERMIS_DEVELOPMENT": 0.0021068155482987464,
  "GO_EPIDERMIS_DEVELOPMENT": 0.0001
 },
 "gene_set_to_pairwise_pvals": {
  "GO_REGULATION_OF_EPIDERMIS_DEVELOPMENT": {
   "AQP3,CDH3": 0.7142857142857143,
   "AQP3,CDSN": 1.0,
   "AQP3,CTNNB1": 0.15873015873015872,
   "AQP3,ESRP1": 0.7692307692307693,
   "AQP3,GRHL1": 0.45454545454545453,
   "AQP3,KRT10": 0.39215686274509803,
   "AQP3,KRT17": 0.16,
   "AQP3,KRT2": 0.5405405405405406,
   "AQP3,SERPINB13": 0.7407407407407407,
   "AQP3,SFN": 0.5555555555555556,
   "AQP3,SPINK5": 0.7142857142857143,
   "AQP3,SULT2B1": 0.04357298474945534,
   "AQP3,TP63": 0.5882352941176471,
   "AQP3,ZFP36L1": 0.1652892561983471,
   "CDH3,CDSN": 0.273972602739726,
   "CDH3,CTNNB1": 0.9090909090909091,
   "CDH3,ESRP1": 0.3333333333333333,
   "CDH3,GRHL1": 0.36363636363636365,
   "CDH3,KRT10": 0.6666666666666666,
   "CDH3,KRT17": 0.2597402597402597,
   "CDH3,KRT2": 0.1360544217687075,
   "CDH3,SERPINB13": 0.2857142857142857,
   "CDH3,SFN": 0.6060606060606061,
   "CDH3,SPINK5": 0.4,
   "CDH3,SULT2B1": 0.5882352941176471,
   "CDH3,TP63": 0.5405405405405406,
   "CDH3,ZFP36L1": 0.8695652173913043,
   "CDSN,CTNNB1": 0.6896551724137931,
   "CDSN,ESRP1": 0.5555555555555556,
   "CDSN,GRHL1": 0.2597402597402597,
   "CDSN,KRT10": 0.8,
   "CDSN,KRT17": 0.06230529595015576,
   "CDSN,KRT2": 0.625,
   "CDSN,SERPINB13": 0.2857142857142857,
   "CDSN,SFN": 0.050505050505050504,
   "CDSN,SPINK5": 0.003,
   "CDSN,SULT2B1": 0.011,
   "CDSN,TP63": 0.1834862385321101,
   "CDSN,ZFP36L1": 0.012,
   "CTNNB1,ESRP1": 0.7142857142857143,
   "CTNNB1,GRHL1": 0.7142857142857143,
   "CTNNB1,KRT10": 0.8,
   "CTNNB1,KRT17": 0.47619047619047616,
   "CTNNB1,KRT2": 0.46511627906976744,
   "CTNNB1,SERPINB13": 0.15625,
   "CTNNB1,SFN": 0.6666666666666666,
   "CTNNB1,SPINK5": 0.22727272727272727,
   "CTNNB1,SULT2B1": 0.8,
   "CTNNB1,TP63": 0.7407407407407407,
   "CTNNB1,ZFP36L1": 1.0,
   "ESRP1,GRHL1": 0.32786885245901637,
   "ESRP1,KRT10": 1.0,
   "ESRP1,KRT17": 0.15748031496062992,
   "ESRP1,KRT2": 0.16260162601626016,
   "ESRP1,SERPINB13": 0.13157894736842105,
   "ESRP1,SFN": 0.38461538461538464,
   "ESRP1,SPINK5": 0.6896551724137931,
   "ESRP1,SULT2B1": 0.43478260869565216,
   "ESRP1,TP63": 0.45454545454545453,
   "ESRP1,ZFP36L1": 0.28169014084507044,
   "GRHL1,KRT10": 0.6666666666666666,
   "GRHL1,KRT17": 0.4166666666666667,
   "GRHL1,KRT2": 0.30303030303030304,
   "GRHL1,SERPINB13": 0.039761431411530816,
   "GRHL1,SFN": 0.6060606060606061,
   "GRHL1,SPINK5": 0.5263157894736842,
   "GRHL1,SULT2B1": 0.0468384074941452,
   "GRHL1,TP63": 0.6896551724137931,
   "GRHL1,ZFP36L1": 0.7407407407407407,
   "KRT10,KRT17": 1.0,
   "KRT10,KRT2": 0.002,
   "KRT10,SERPINB13": 1.0,
   "KRT10,SFN": 0.13157894736842105,
   "KRT10,SPINK5": 0.09259259259259259,
   "KRT10,SULT2B1": 0.052083333333333336,
   "KRT10,TP63": 0.8333333333333334,
   "KRT10,ZFP36L1": 0.07547169811320754,
   "KRT17,KRT2": 0.026595744680851064,
   "KRT17,SERPINB13": 0.5882352941176471,
   "KRT17,SFN": 0.023923444976076555,
   "KRT17,SPINK5": 0.02861230329041488,
   "KRT17,SULT2B1": 0.39215686274509803,
   "KRT17,TP63": 1.0,
   "KRT17,ZFP36L1": 0.12121212121212122,
   "KRT2,SERPINB13": 0.5882352941176471,
   "KRT2,SFN": 0.40816326530612246,
   "KRT2,SPINK5": 0.28169014084507044,
   "KRT2,SULT2B1": 0.14084507042253522,
   "KRT2,TP63": 0.034722222222222224,
   "KRT2,ZFP36L1": 0.3076923076923077,
   "SERPINB13,SFN": 0.6060606060606061,
   "SERPINB13,SPINK5": 0.6451612903225806,
   "SERPINB13,SULT2B1": 0.6896551724137931,
   "SERPINB13,TP63": 0.04132231404958678,
   "SERPINB13,ZFP36L1": 0.46511627906976744,
   "SFN,SPINK5": 0.8333333333333334,
   "SFN,SULT2B1": 0.08771929824561403,
   "SFN,TP63": 1.0,
   "SFN,ZFP36L1": 1.0,
   "SPINK5,SULT2B1": 0.7407407407407407,
   "SPINK5,TP63": 0.9523809523809523,
   "SPINK5,ZFP36L1": 0.273972602739726,
   "SULT2B1,TP63": 0.21739130434782608,
   "SULT2B1,ZFP36L1": 0.5555555555555556,
   "TP63,ZFP36L1": 0.19607843137254902
  },
  "GO_POSITIVE_REGULATION_OF_EPIDERMIS_DEVELOPMENT": {
   "FOXN1,FST": 0.8695652173913043,
   "FOXN1,HPSE": 0.625,
   "FOXN1,KRT10": 0.8,
   "FOXN1,KRT17": 0.47619047619047616,
   "FOXN1,KRT2": 1.0,
   "FOXN1,NOTCH1": 0.4444444444444444,
   "FOXN1,NUMA1": 0.23255813953488372,
   "FOXN1,PPARD": 0.021482277121374866,
   "FOXN1,SFN": 0.4878048780487805,
   "FOXN1,SULT2B1": 0.08849557522123894,
   "FOXN1,TMEM79": 0.46511627906976744,
   "FOXN1,TRADD": 0.09090909090909091,
   "FOXN1,TRIM16": 0.3448275862068966,
   "FOXN1,WNT5A": 0.07434944237918216,
   "FST,HPSE": 0.6666666666666666,
   "FST,KRT10": 0.001,
   "FST,KRT17": 0.37735849056603776,
   "FST,KRT2": 0.001,
   "FST,NOTCH1": 0.7142857142857143,
   "FST,NUMA1": 0.0468384074941452,
   "FST,PPARD": 0.6896551724137931,
   "FST,SFN": 0.025220680958385876,
   "FST,SULT2B1": 0.3508771929824561,
   "FST,TMEM79": 0.6896551724137931,
   "FST,TRADD": 0.19047619047619047,
   "FST,TRIM16": 0.30303030303030304,
   "FST,WNT5A": 0.8,
   "HPSE,KRT10": 0.001,
   "HPSE,KRT17": 1.0,
   "HPSE,KRT2": 0.008,
   "HPSE,NOTCH1": 0.39215686274509803,
   "HPSE,NUMA1": 0.7142857142857143,
   "HPSE,PPARD": 0.6666666666666666,
   "HPSE,SFN": 0.5555555555555556,
   "HPSE,SULT2B1": 0.28169014084507044,
   "HPSE,TMEM79": 0.8333333333333334,
   "HPSE,TRADD": 0.2631578947368421,
   "HPSE,TRIM16": 0.9090909090909091,
   "HPSE,WNT5A": 0.008,
   "KRT10,KRT17": 1.0,
   "KRT10,KRT2": 0.002,
   "KRT10,NOTCH1": 0.9090909090909091,
   "KRT10,NUMA1": 0.02012072434607646,
   "KRT10,PPARD": 0.006,
   "KRT10,SFN": 0.13157894736842105,
   "KRT10,SULT2B1": 0.052083333333333336,
   "KRT10,TMEM79": 0.003,
   "KRT10,TRADD": 0.9523809523809523,
   "KRT10,TRIM16": 0.002,
   "KRT10,WNT5A": 0.3125,
   "KRT17,KRT2": 0.026595744680851064,
   "KRT17,NOTCH1": 0.10471204188481675,
   "KRT17,NUMA1": 0.3389830508474576,
   "KRT17,PPARD": 0.009,
   "KRT17,SFN": 0.023923444976076555,
   "KRT17,SULT2B1": 0.39215686274509803,
   "KRT17,TMEM79": 0.22727272727272727,
   "KRT17,TRADD": 0.425531914893617,
   "KRT17,TRIM16": 0.03305785123966942,
   "KRT17,WNT5A": 0.009,
   "KRT2,NOTCH1": 0.5714285714285714,
   "KRT2,NUMA1": 0.0966183574879227,
   "KRT2,PPARD": 0.10869565217391304,
   "KRT2,SFN": 0.40816326530612246,
   "KRT2,SULT2B1": 0.14084507042253522,
   "KRT2,TMEM79": 0.015,
   "KRT2,TRADD": 0.9523809523809523,
   "KRT2,TRIM16": 0.001,
   "KRT2,WNT5A": 1.0,
   "NOTCH1,NUMA1": 0.9090909090909091,
   "NOTCH1,PPARD": 0.1111111111111111,
   "NOTCH1,SFN": 1.0,
   "NOTCH1,SULT2B1": 0.1652892561983471,
   "NOTCH1,TMEM79": 0.9090909090909091,
   "NOTCH1,TRADD": 0.19801980198019803,
   "NOTCH1,TRIM16": 0.17391304347826086,
   "NOTCH1,WNT5A": 0.4,
   "NUMA1,PPARD": 0.15037593984962405,
   "NUMA1,SFN": 0.23529411764705882,
   "NUMA1,SULT2B1": 0.0749063670411985,
   "NUMA1,TMEM79": 0.5128205128205128,
   "NUMA1,TRADD": 0.3389830508474576,
   "NUMA1,TRIM16": 0.5263157894736842,
   "NUMA1,WNT5A": 1.0,
   "PPARD,SFN": 0.003,
   "PPARD,SULT2B1": 0.38461538461538464,